russian_word;english_word;img_card;sound_card
Осень;Autumn;https://mnemoenglish.ru/img/mnemocard/557f82814b16a22090dd33a119dfc81d.jpeg;https://mnemoenglish.ru/sound/englishdom/autumn.mp3
Собака;Dog;https://mnemoenglish.ru/img/mnemocard/3fae39085c00c0f4580798a6e68be9ed.jpeg;https://mnemoenglish.ru/sound/englishdom/dog.mp3
Восемьдесят;Eighty;https://mnemoenglish.ru/img/mnemocard/7e241765f309b5adbc06924e4f3b81b0.jpeg;https://mnemoenglish.ru/sound/englishdom/eighty.mp3
Дом;Home;https://mnemoenglish.ru/img/mnemocard/52990eb242e7e0e2fef477c84b28513d.jpeg;https://mnemoenglish.ru/sound/englishdom/home.mp3
Сто;Hundred;https://mnemoenglish.ru/img/mnemocard/312565f8ea9b69a567d39ca7984d4df0.jpeg;https://mnemoenglish.ru/sound/englishdom/hundred.mp3
Месяц;Month;https://mnemoenglish.ru/img/mnemocard/9badf6a31089d4dea26c758e6be92b13.jpeg;https://mnemoenglish.ru/sound/englishdom/month.mp3
Время;Time;https://mnemoenglish.ru/img/mnemocard/03a379205d5529392462f5a294244fc1.jpeg;https://mnemoenglish.ru/sound/englishdom/time.mp3
Зима;Winter;https://mnemoenglish.ru/img/mnemocard/7a0b1ed5677fbf0091f1ca3bb3f539c9.jpeg;https://mnemoenglish.ru/sound/englishdom/winter.mp3
Принимать;Accept;https://mnemoenglish.ru/img/mnemocard/8a2cef4b691af0db64389581447e7bc5.jpeg;https://mnemoenglish.ru/sound/englishdom/accept.mp3
Признавать;Admit;https://mnemoenglish.ru/img/mnemocard/97ddf1310e1489afc16a44ea13956c5f.jpeg;https://mnemoenglish.ru/sound/englishdom/admit.mp3
Бороться;Battle;https://mnemoenglish.ru/img/mnemocard/98039dc4ca0059cc179ab750213f1a17.jpeg;https://mnemoenglish.ru/sound/englishdom/battle.mp3
Начать;Begin;https://mnemoenglish.ru/img/mnemocard/487e4ba1e171299bc3a124b1feddcc72.jpeg;https://mnemoenglish.ru/sound/englishdom/begin.mp3
Звонить;Call;https://mnemoenglish.ru/img/mnemocard/710c87d3579303069c0e659449f01c72.jpeg;https://mnemoenglish.ru/sound/englishdom/call.mp3
Требовать;Claim;https://mnemoenglish.ru/img/mnemocard/72e700504fdf51ba126f0f36087b463b.jpeg;https://mnemoenglish.ru/sound/englishdom/claim.mp3
Чистить;Clean;https://mnemoenglish.ru/img/mnemocard/6d55ed7e80f25a207aa8cca9cacf3870.jpeg;https://mnemoenglish.ru/sound/englishdom/clean.mp3
Расчесывать;Comb;https://mnemoenglish.ru/img/mnemocard/7595f1c7886dff5358495927a0327068.jpeg;https://mnemoenglish.ru/sound/englishdom/comb.mp3
Готовить;Cook;https://mnemoenglish.ru/img/mnemocard/934ffe7f48295207429c8153ba899c76.jpeg;https://mnemoenglish.ru/sound/englishdom/cook.mp3
Кашлять;Cough;https://mnemoenglish.ru/img/mnemocard/3e2d5b070fb48934916de24fc1dd0fc5.jpeg;https://mnemoenglish.ru/sound/englishdom/cough.mp3
Решать;Decide;https://mnemoenglish.ru/img/mnemocard/5d42768047c74dc650733c3d3e236188.jpeg;https://mnemoenglish.ru/sound/englishdom/decide.mp3
Рисовать;Draw;https://mnemoenglish.ru/img/mnemocard/8625152b153be9c761052381fd6402bf.jpeg;https://mnemoenglish.ru/sound/englishdom/draw.mp3
Заполнить;Fill;https://mnemoenglish.ru/img/mnemocard/05aa525c6acb7cf390a2ab924edc8c5f.jpeg;https://mnemoenglish.ru/sound/englishdom/fill.mp3
Летать;Fly;https://mnemoenglish.ru/img/mnemocard/1f6be2cc53bf35e665f625973d608948.jpeg;https://mnemoenglish.ru/sound/englishdom/fly.mp3
Светиться;Glow;https://mnemoenglish.ru/img/mnemocard/5d395215ef58dcb805156d34d3bb001a.jpeg;https://mnemoenglish.ru/sound/englishdom/glow.mp3
Схватить;Grip;https://mnemoenglish.ru/img/mnemocard/9458ba4ac8d8e46d606445ce70adecfd.jpeg;https://mnemoenglish.ru/sound/englishdom/grip.mp3
Случаться;Happen;https://mnemoenglish.ru/img/mnemocard/2c911a19956f69d7f89aa8b60fec8368.jpeg;https://mnemoenglish.ru/sound/englishdom/happen.mp3
Нравиться;Like;https://mnemoenglish.ru/img/mnemocard/8fd3c666ac6195a2e608acabec5474af.jpeg;https://mnemoenglish.ru/sound/englishdom/like.mp3
Слушать;Listen;https://mnemoenglish.ru/img/mnemocard/4dd7f73512d2346f73251c23a3eb7d43.jpeg;https://mnemoenglish.ru/sound/englishdom/listen.mp3
Выглядеть;Look;https://mnemoenglish.ru/img/mnemocard/13f6c6cf7e40f2ccfa97e9fe31f8c7b3.jpeg;https://mnemoenglish.ru/sound/englishdom/look.mp3
Закрыть;Shut;https://mnemoenglish.ru/img/mnemocard/92165a72da27b2acc5f588cfb0a2d267.jpeg;https://mnemoenglish.ru/sound/englishdom/shut.mp3
Подписывать,знак;Sign;https://mnemoenglish.ru/img/mnemocard/66bc11bcfdf1bf19625490c7dc42ece3.jpeg;https://mnemoenglish.ru/sound/manualy/sign.mp3
Плавать;Swim;https://mnemoenglish.ru/img/mnemocard/086698a7a5a3eca81e7fa7697f6d7bb7.jpeg;https://mnemoenglish.ru/sound/englishdom/swim.mp3
Говорить;Talk;https://mnemoenglish.ru/img/mnemocard/5f2c585f1719ebe21a45100d9ff7527c.jpeg;https://mnemoenglish.ru/sound/englishdom/talk.mp3
Путешествовать;Travel;https://mnemoenglish.ru/img/mnemocard/350040ec821249452852e63d31d2595a.jpeg;https://mnemoenglish.ru/sound/englishdom/travel.mp3
Ждать;Wait;https://mnemoenglish.ru/img/mnemocard/6e9e1f15c0f6f5cd67847bad8da7782f.jpeg;https://mnemoenglish.ru/sound/englishdom/wait.mp3
Перезвонить;Call back;https://mnemoenglish.ru/img/mnemocard/829a7138482cf146fe74c523ac71e312.jpeg;https://mnemoenglish.ru/sound/englishdom/call back.mp3
Убегать;Run away;https://mnemoenglish.ru/img/mnemocard/9a4e846973298b2e004600b14fdbf74c.jpeg;https://mnemoenglish.ru/sound/englishdom/run away.mp3
Слепой;Blind;https://mnemoenglish.ru/img/mnemocard/148543f2e91927fdeb924cc6289b76b0.jpeg;https://mnemoenglish.ru/sound/englishdom/blind.mp3
Мозг;Brain;https://mnemoenglish.ru/img/mnemocard/8a1a3bf9970c6ace359feed9e56b0c79.jpeg;https://mnemoenglish.ru/sound/englishdom/brain.mp3
Мультфильм;Cartoon;https://mnemoenglish.ru/img/mnemocard/1bb5299a4ddece7f7ef64bc6dc2bd898.jpeg;https://mnemoenglish.ru/sound/englishdom/cartoon.mp3
Круг;Circle;https://mnemoenglish.ru/img/mnemocard/841115f2507eb949468a9e1fd836ae50.jpeg;https://mnemoenglish.ru/sound/englishdom/circle.mp3
Ужас;Horror;https://mnemoenglish.ru/img/mnemocard/5b1c4b54cc34e633dd97e8823d3b20d7.jpeg;https://mnemoenglish.ru/sound/englishdom/horror.mp3
Упоминать;Mention;https://mnemoenglish.ru/img/mnemocard/388717852ca07083e6a7c984d5c756b5.jpeg;https://mnemoenglish.ru/sound/englishdom/mention.mp3
Сообщение;Message;https://mnemoenglish.ru/img/mnemocard/834a51180bf84b2829ef491c3c95f811.jpeg;https://mnemoenglish.ru/sound/englishdom/message.mp3
Гора;Mountain;https://mnemoenglish.ru/img/mnemocard/8778feaf0ff712e3318221978cdfc182.jpeg;https://mnemoenglish.ru/sound/englishdom/mountain.mp3
Пианино;Piano;https://mnemoenglish.ru/img/mnemocard/2001f8d412e31f9fb4b31028b2cd44f7.jpeg;https://mnemoenglish.ru/sound/englishdom/piano.mp3
Осознавать;Realize;https://mnemoenglish.ru/img/mnemocard/37723ba87114572a87e1077359069bfb.jpeg;https://mnemoenglish.ru/sound/englishdom/realize.mp3
Овца;Sheep;https://mnemoenglish.ru/img/mnemocard/4d7dacdb6832618a3edfaf08477e1e21.jpeg;https://mnemoenglish.ru/sound/englishdom/sheep.mp3
Скрипка;Violin;https://mnemoenglish.ru/img/mnemocard/1c9312f31caf5c398cfe690fd4e44d94.jpeg;https://mnemoenglish.ru/sound/englishdom/violin.mp3
Бродить;Wander;https://mnemoenglish.ru/img/mnemocard/385b636199aa21b6992f50e2b6a1c06e.jpeg;https://mnemoenglish.ru/sound/englishdom/wander.mp3
Рулевое колесо;Wheel;https://mnemoenglish.ru/img/mnemocard/39980806d9e599d81af35bcb1bb8bb10.jpeg;https://mnemoenglish.ru/sound/englishdom/wheel.mp3
Любитель;Amateur;https://mnemoenglish.ru/img/mnemocard/4115f33156985b0eeb0e37d3815f6563.jpeg;https://mnemoenglish.ru/sound/englishdom/amateur.mp3
Фартук;Apron;https://mnemoenglish.ru/img/mnemocard/5aa84da9359a4efae9a68cfd78e53b67.jpeg;https://mnemoenglish.ru/sound/englishdom/apron.mp3
Ползать;Crawl;https://mnemoenglish.ru/img/mnemocard/4bfdb1cce1209250fad0e1c1b8138ef6.jpeg;https://mnemoenglish.ru/sound/englishdom/crawl.mp3
Знание;Knowledge;https://mnemoenglish.ru/img/mnemocard/7ee7af04bea6838ef7089e94831c4af9.jpeg;https://mnemoenglish.ru/sound/englishdom/knowledge.mp3
Зеркало;Mirror;https://mnemoenglish.ru/img/mnemocard/19358d4378b7ccf4668f660b162a81bc.jpeg;https://mnemoenglish.ru/sound/englishdom/mirror.mp3
Удовольствие;Pleasure;https://mnemoenglish.ru/img/mnemocard/8335af5b6a136065da13dec8bd0a158e.jpeg;https://mnemoenglish.ru/sound/englishdom/pleasure.mp3
Достаточный;Sufficient;https://mnemoenglish.ru/img/mnemocard/47b8141fc5adda28e11eec97559d0d4b.jpeg;https://mnemoenglish.ru/sound/englishdom/sufficient.mp3
Свистеть;Whistle;https://mnemoenglish.ru/img/mnemocard/04047ce085142ca5218ec28ee2c61ecc.jpeg;https://mnemoenglish.ru/sound/englishdom/whistle.mp3
Книга;Book;https://mnemoenglish.ru/img/mnemocard/02fec972636e2b03bc1ba6fc915af1a5.jpeg;https://mnemoenglish.ru/sound/englishdom/book.mp3
Купить;Buy;https://mnemoenglish.ru/img/mnemocard/13052d9cf9b8efbf654c712503c52509.jpeg;https://mnemoenglish.ru/sound/englishdom/buy.mp3
Цвет;Colour;https://mnemoenglish.ru/img/mnemocard/24f079f1205cdaf0665844e3e162caad.jpeg;https://mnemoenglish.ru/sound/englishdom/colour.mp3
Приходить;Come;https://mnemoenglish.ru/img/mnemocard/192b912a1a99455bdcf36797f9ba913c.jpeg;https://mnemoenglish.ru/sound/englishdom/come.mp3
Дверь;Door;https://mnemoenglish.ru/img/mnemocard/8f11379e71dfc8134e5b50faa773150e.jpeg;https://mnemoenglish.ru/sound/englishdom/door.mp3
Глаз;Eye;https://mnemoenglish.ru/img/mnemocard/207c217963677ba7c5edc9c1c9a0a448.jpeg;https://mnemoenglish.ru/sound/englishdom/eye.mp3
Свободный;Free;https://mnemoenglish.ru/img/mnemocard/92a2f2d62c79254103f3ea700a687f9a.jpeg;https://mnemoenglish.ru/sound/englishdom/free.mp3
Любовь;Love;https://mnemoenglish.ru/img/mnemocard/890379ce87ac9ea8fce5b98e2de42b17.jpeg;https://mnemoenglish.ru/sound/englishdom/love.mp3
Деньги;Money;https://mnemoenglish.ru/img/mnemocard/4f8cbf498ad08553457177eac9432b39.jpeg;https://mnemoenglish.ru/sound/englishdom/money.mp3
Часто;Often;https://mnemoenglish.ru/img/mnemocard/79f1b5df59ab5131db583c6b1249499c.jpeg;https://mnemoenglish.ru/sound/englishdom/often.mp3
Часть;Part;https://mnemoenglish.ru/img/mnemocard/2c7444db067e4c7a91423c17fc417e80.jpeg;https://mnemoenglish.ru/sound/englishdom/part.mp3
Кусок;Piece;https://mnemoenglish.ru/img/mnemocard/758f2a52ed1267abb6d8a260219bbc6c.jpeg;https://mnemoenglish.ru/sound/englishdom/piece.mp3
Сторона;Side;https://mnemoenglish.ru/img/mnemocard/69ea30bed6ac6a9b87f0dec5960dcd57.jpeg;https://mnemoenglish.ru/sound/englishdom/side.mp3
Солнце;Sun;https://mnemoenglish.ru/img/mnemocard/2c1a039ffa6811e3ce9374bd54b9146c.jpeg;https://mnemoenglish.ru/sound/englishdom/sun.mp3
Вода;Water;https://mnemoenglish.ru/img/mnemocard/06258e0a6bdef02c66383a3bf43d6eda.jpeg;https://mnemoenglish.ru/sound/englishdom/water.mp3
Машина;Car;https://mnemoenglish.ru/img/mnemocard/1789f8d5571d5eb156060ad7440e61a9.jpeg;https://mnemoenglish.ru/sound/englishdom/car.mp3
Большой город;City;https://mnemoenglish.ru/img/mnemocard/03ea30cbc889d23c47f5a83072d4823c.jpeg;https://mnemoenglish.ru/sound/englishdom/city.mp3
Огонь;Fire;https://mnemoenglish.ru/img/mnemocard/59724a0d7e918bfda0ab23887a0ffa67.jpeg;https://mnemoenglish.ru/sound/englishdom/fire.mp3
Рыба;Fish;https://mnemoenglish.ru/img/mnemocard/1f07a3b91873b743c102d0c578990996.jpeg;https://mnemoenglish.ru/sound/englishdom/fish.mp3
Лошадь;Horse;https://mnemoenglish.ru/img/mnemocard/934759c34f168d61274d312d41ae0b75.jpeg;https://mnemoenglish.ru/sound/englishdom/horse.mp3
Король;King;https://mnemoenglish.ru/img/mnemocard/13b0f3b606629c04ee594bf7e3140572.jpeg;https://mnemoenglish.ru/sound/englishdom/king.mp3
Север;North;https://mnemoenglish.ru/img/mnemocard/3a1173f3ea8a4e3ac747ceef5343b96d.jpeg;https://mnemoenglish.ru/sound/englishdom/north.mp3
Ручка;Pen;https://mnemoenglish.ru/img/mnemocard/87c9dcf28e439a8c36ae8daaa74a3aa5.jpeg;https://mnemoenglish.ru/sound/englishdom/pen.mp3
Растение;Plant;https://mnemoenglish.ru/img/mnemocard/637386e3300c6efe59d4804418a837c9.jpeg;https://mnemoenglish.ru/sound/englishdom/plant.mp3
Вопрос;Question;https://mnemoenglish.ru/img/mnemocard/75e488f202d0cb13f35b729aa9e416b4.jpeg;https://mnemoenglish.ru/sound/englishdom/question.mp3
Речка;River;https://mnemoenglish.ru/img/mnemocard/1d8576a4958f0f80368d35f0a2bd8846.jpeg;https://mnemoenglish.ru/sound/englishdom/river.mp3
Море;Sea;https://mnemoenglish.ru/img/mnemocard/88eb9dfe44fe1449ec0f2f250f6a569b.jpeg;https://mnemoenglish.ru/sound/englishdom/sea.mp3
Корабль;Ship;https://mnemoenglish.ru/img/mnemocard/70581f0761468b4bfee56dbb397e7aef.jpeg;https://mnemoenglish.ru/sound/englishdom/ship.mp3
Звук;Sound;https://mnemoenglish.ru/img/mnemocard/7039532ba522cb406ab7d0256b8eab46.jpeg;https://mnemoenglish.ru/sound/englishdom/sound.mp3
Юг;South;https://mnemoenglish.ru/img/mnemocard/2456cd31f2245eb3b5c6d395c937d586.jpeg;https://mnemoenglish.ru/sound/englishdom/south.mp3
Пространство;Space;https://mnemoenglish.ru/img/mnemocard/8323bac9a39cb5b01cd29ffa813ecc2f.jpeg;https://mnemoenglish.ru/sound/englishdom/space.mp3
Дерево;Tree;https://mnemoenglish.ru/img/mnemocard/66eaeb3a2432e5e9ae94c72b56c4755f.jpeg;https://mnemoenglish.ru/sound/englishdom/tree.mp3
Ветер;Wind;https://mnemoenglish.ru/img/mnemocard/80ce2655e828539838a93e6bb67f7786.jpeg;https://mnemoenglish.ru/sound/englishdom/wind.mp3
Назад;Back;https://mnemoenglish.ru/img/mnemocard/85cbe436e67d0de913bfbb8568c7e149.jpeg;https://mnemoenglish.ru/sound/englishdom/back.mp3
Не;Not;https://mnemoenglish.ru/img/mnemocard/60a6ad14ab6f0c9b91faaa2eeacebabf.jpeg;https://mnemoenglish.ru/sound/englishdom/not.mp3
Видеть;See;https://mnemoenglish.ru/img/mnemocard/48d4119f380bfa9b53632478ed0a24b6.jpeg;https://mnemoenglish.ru/sound/englishdom/see.mp3
Яркий;Bright;https://mnemoenglish.ru/img/mnemocard/9957868e7a0d0f29c6fba3026ab7c65f.jpeg;https://mnemoenglish.ru/sound/englishdom/bright.mp3
Спокойный;Calm;https://mnemoenglish.ru/img/mnemocard/32eb16894fece38e50a8ffaf1fd6696b.jpeg;https://mnemoenglish.ru/sound/englishdom/calm.mp3
Умный;Clever;https://mnemoenglish.ru/img/mnemocard/05eccc38b9a9e39225a14cc9988d1747.jpeg;https://mnemoenglish.ru/sound/englishdom/clever.mp3
Горячий;Hot;https://mnemoenglish.ru/img/mnemocard/50ef68205303cf596b45806359ec4b97.jpeg;https://mnemoenglish.ru/sound/englishdom/hot.mp3
Гордый;Proud;https://mnemoenglish.ru/img/mnemocard/4653f8cce8bf5884bd8f6ceeecac229e.jpeg;https://mnemoenglish.ru/sound/englishdom/proud.mp3
Медленный;Slow;https://mnemoenglish.ru/img/mnemocard/92eab036f30bacc5d38494fdac08410c.jpeg;https://mnemoenglish.ru/sound/englishdom/slow.mp3
Маленький;Small;https://mnemoenglish.ru/img/mnemocard/95e2909845bc78671f1da679e3105d25.jpeg;https://mnemoenglish.ru/sound/englishdom/small.mp3
Тупой;Stupid;https://mnemoenglish.ru/img/mnemocard/632beb132408e91eadb458e5362b5d04.jpeg;https://mnemoenglish.ru/sound/englishdom/stupid.mp3
Уродливый;Ugly;https://mnemoenglish.ru/img/mnemocard/25645e2bdfe8eaaec206030fe99b8b60.jpeg;https://mnemoenglish.ru/sound/englishdom/ugly.mp3
Ниже;Below;https://mnemoenglish.ru/img/mnemocard/3c3c99a78079b815b6dff36f3004fdf9.jpeg;https://mnemoenglish.ru/sound/englishdom/below.mp3
Меньше;Less;https://mnemoenglish.ru/img/mnemocard/361bb39c1f143f844d851bae29e12d4c.jpeg;https://mnemoenglish.ru/sound/englishdom/less.mp3
Около;Nearly;https://mnemoenglish.ru/img/mnemocard/6b2d4c44bf1d92313aa23dd7b08ad793.jpeg;https://mnemoenglish.ru/sound/englishdom/nearly.mp3
Бросать;Cast;https://mnemoenglish.ru/img/mnemocard/511c02a389c1997831dfa2aa32bffdf9.jpeg;https://mnemoenglish.ru/sound/englishdom/cast-cast-cast.mp3
Светить;Shine;https://mnemoenglish.ru/img/mnemocard/4b70378289130fb06ad4fe8975e9f8b0.jpeg;https://mnemoenglish.ru/sound/englishdom/shine-shone-shone.mp3
Стрелять;Shoot;https://mnemoenglish.ru/img/mnemocard/04752558486da4a1f025e959f6598ef8.jpeg;https://mnemoenglish.ru/sound/englishdom/shoot-shot-shot.mp3
Идти крадучись;Sneak;https://mnemoenglish.ru/img/mnemocard/3ae625fb480231da4951f4f7bb97165f.jpeg;https://mnemoenglish.ru/sound/englishdom/sneak-snuck-snuck.mp3
Скорость;Speed;https://mnemoenglish.ru/img/mnemocard/7f2c89b20c2c22439845a5546491eebc.jpeg;https://mnemoenglish.ru/sound/englishdom/speed-sped-sped.mp3
Грубиян;Boor;https://mnemoenglish.ru/img/mnemocard/4ce253cbc050cb6dd0b897e67b62b4f3.jpeg;https://mnemoenglish.ru/sound/englishdom/boor.mp3
Гребень;Crest;https://mnemoenglish.ru/img/mnemocard/286aa674c971bcbb5ee311b577007bfd.jpeg;https://mnemoenglish.ru/sound/englishdom/crest.mp3
Осколки;Debris;https://mnemoenglish.ru/img/mnemocard/5ff7ee232ea451899683f1c95591c807.jpeg;https://mnemoenglish.ru/sound/englishdom/debris.mp3
Цифра;Figure;https://mnemoenglish.ru/img/mnemocard/12102ff9370f59967850f5efed680e7d.jpeg;https://mnemoenglish.ru/sound/englishdom/figure.mp3
Поднятие;Lift;https://mnemoenglish.ru/img/mnemocard/9072f2a749f18d42ac6e8faacc51d35c.jpeg;https://mnemoenglish.ru/sound/englishdom/lift.mp3
Сеть;Net;https://mnemoenglish.ru/img/mnemocard/93e3ee43c6952a78e2d339b10ba0e8e9.jpeg;https://mnemoenglish.ru/sound/englishdom/net.mp3
Штукатурка;Plaster;https://mnemoenglish.ru/img/mnemocard/8ed9439b224a9b2bc18e101a19e962d5.jpeg;https://mnemoenglish.ru/sound/englishdom/plaster.mp3
Между;Between;https://mnemoenglish.ru/img/mnemocard/96bb03ca4b47d512f97d6d6c4ae30d3b.jpeg;https://mnemoenglish.ru/sound/englishdom/between.mp3
Мимо;Past;https://mnemoenglish.ru/img/mnemocard/80d438529f33b9a081ac9617fca7cc0b.jpeg;https://mnemoenglish.ru/sound/englishdom/past.mp3
Что;That;https://mnemoenglish.ru/img/mnemocard/1eb57df6d383191ff826caf993e9444b.jpeg;https://mnemoenglish.ru/sound/englishdom/that.mp3
Рука;Arm;https://mnemoenglish.ru/img/mnemocard/857ca6c8a2617517e9f310ee77112aed.jpeg;https://mnemoenglish.ru/sound/englishdom/arm.mp3
Грудь;Breast;https://mnemoenglish.ru/img/mnemocard/70281475089a755299f30fb0d84bb2b1.jpeg;https://mnemoenglish.ru/sound/englishdom/breast.mp3
Щека;Cheek;https://mnemoenglish.ru/img/mnemocard/2b2ec9c8693484768825c897420eb3b4.jpeg;https://mnemoenglish.ru/sound/englishdom/cheek.mp3
Палец;Finger;https://mnemoenglish.ru/img/mnemocard/4650946fe1cdd5e3e5e731d6be456863.jpeg;https://mnemoenglish.ru/sound/englishdom/finger.mp3
Волосы;Hair;https://mnemoenglish.ru/img/mnemocard/8a342355d6a106e7fa9fa09f77ef7886.jpeg;https://mnemoenglish.ru/sound/englishdom/hair.mp3
Колено;Knee;https://mnemoenglish.ru/img/mnemocard/8d18e6137f5d96cefdc9142f8de04660.jpeg;https://mnemoenglish.ru/sound/englishdom/knee.mp3
Нога;Leg;https://mnemoenglish.ru/img/mnemocard/39bf64ef420e8f31fa28232ba2043b0b.jpeg;https://mnemoenglish.ru/sound/englishdom/leg.mp3
Губа;Lip;https://mnemoenglish.ru/img/mnemocard/379e0c1a8bb56e8ed0fee998f11c5a80.jpeg;https://mnemoenglish.ru/sound/englishdom/lip.mp3
Рот;Mouth;https://mnemoenglish.ru/img/mnemocard/3b882a7d699da83d8df125ea556593a0.jpeg;https://mnemoenglish.ru/sound/englishdom/mouth.mp3
Шея;Neck;https://mnemoenglish.ru/img/mnemocard/99f47805d508e2fe53dbb88a454abd5e.jpeg;https://mnemoenglish.ru/sound/englishdom/neck.mp3
Нос;Nose;https://mnemoenglish.ru/img/mnemocard/8610ebb689599e75304f96c766794a88.jpeg;https://mnemoenglish.ru/sound/englishdom/nose.mp3
Язык;Tongue;https://mnemoenglish.ru/img/mnemocard/22e415b3ad7b7d77a5b6bb8861db817f.jpeg;https://mnemoenglish.ru/sound/englishdom/tongue.mp3
Зуб;Tooth;https://mnemoenglish.ru/img/mnemocard/853e57e26d3d9730679fc12275c423d2.jpeg;https://mnemoenglish.ru/sound/englishdom/tooth.mp3
Талия;Waist;https://mnemoenglish.ru/img/mnemocard/94b19aa0565917907825a5b98dcfdbfa.jpeg;https://mnemoenglish.ru/sound/englishdom/waist.mp3
Запястье;Wrist;https://mnemoenglish.ru/img/mnemocard/985b96f2d2740f6a3e5342f3afde0ce7.jpeg;https://mnemoenglish.ru/sound/englishdom/wrist.mp3
Толстый;Fat;https://mnemoenglish.ru/img/mnemocard/9759eff064ca18ac4c0c15fe8915a9d7.jpeg;https://mnemoenglish.ru/sound/englishdom/fat.mp3
Квартира, приплюснутый;Flat;https://mnemoenglish.ru/img/mnemocard/7faf4e54c663bd6d42838c96a2b40a0c.jpeg;https://mnemoenglish.ru/sound/englishdom/flat.mp3
Рыжий;Red;https://mnemoenglish.ru/img/mnemocard/705a00ff60b23f8a63a1cdaf9c9858a9.jpeg;https://mnemoenglish.ru/sound/englishdom/red.mp3
Улыбка;Smile;https://mnemoenglish.ru/img/mnemocard/59b42227d803b3460c4c3277e54fdeaf.jpeg;https://mnemoenglish.ru/sound/englishdom/smile.mp3
Веселый;Glad;https://mnemoenglish.ru/img/mnemocard/31dd48d2a6f7fed5d49994ee691e5200.jpeg;https://mnemoenglish.ru/sound/englishdom/glad.mp3
Грустный;Sad;https://mnemoenglish.ru/img/mnemocard/79ce4316669cc0376253ac3a864e236d.jpeg;https://mnemoenglish.ru/sound/englishdom/sad.mp3
Лысый;Bald;https://mnemoenglish.ru/img/mnemocard/562e06e4eb05b311b11dbc49fd2290e3.jpeg;https://mnemoenglish.ru/sound/englishdom/bald.mp3
Усы;Moustache;https://mnemoenglish.ru/img/mnemocard/8e4d803b642336686e835ab75e66b7e2.jpeg;https://mnemoenglish.ru/sound/englishdom/moustache.mp3
Овал;Oval;https://mnemoenglish.ru/img/mnemocard/70b611c2c4576a70c919d324edfe305b.jpeg;https://mnemoenglish.ru/sound/englishdom/oval.mp3
Пухлый;Plump;https://mnemoenglish.ru/img/mnemocard/5d704ce69d1b0caf2a504134f2ec32c0.jpeg;https://mnemoenglish.ru/sound/englishdom/plump.mp3
Симпатичный;Pretty;https://mnemoenglish.ru/img/mnemocard/359baf145407a0c95e1ac338a8c6227b.jpeg;https://mnemoenglish.ru/sound/englishdom/pretty.mp3
Курносый;Snub;https://mnemoenglish.ru/img/mnemocard/66894ba380dc5b9360fa2d3981731fc4.jpeg;https://mnemoenglish.ru/sound/englishdom/snub.mp3
Квадратный;Square;https://mnemoenglish.ru/img/mnemocard/07776b2b61769dc8e031376c173d8004.jpeg;https://mnemoenglish.ru/sound/englishdom/square.mp3
Живот;Belly;https://mnemoenglish.ru/img/mnemocard/76836a433e70d50481d3233d442af614.jpeg;https://mnemoenglish.ru/sound/englishdom/belly.mp3
Подбородок;Chin;https://mnemoenglish.ru/img/mnemocard/3e7d837fe53ee0e9993be10b8c397206.jpeg;https://mnemoenglish.ru/sound/englishdom/chin.mp3
Локоть;Elbow;https://mnemoenglish.ru/img/mnemocard/135f4f016eae2304baa879e4d191fc93.jpeg;https://mnemoenglish.ru/sound/englishdom/elbow.mp3
Кулак;Fist;https://mnemoenglish.ru/img/mnemocard/3438c943f731ab971cf0e95e16f5675f.jpeg;https://mnemoenglish.ru/sound/englishdom/fist.mp3
Предплечье;Forearm;https://mnemoenglish.ru/img/mnemocard/46d8423e27163f493f76a280a4e2485b.jpeg;https://mnemoenglish.ru/sound/englishdom/forearm.mp3
Пятка;Heel;https://mnemoenglish.ru/img/mnemocard/3ac92dc6fc4944c32be1c45f65117165.jpeg;https://mnemoenglish.ru/sound/englishdom/heel.mp3
Бедро;Hip;https://mnemoenglish.ru/img/mnemocard/577340c37e2e4979340ee1efc2627189.jpeg;https://mnemoenglish.ru/sound/englishdom/hip.mp3
Печень;Liver;https://mnemoenglish.ru/img/mnemocard/12caf7525913b8e5b2917a6285882a8c.jpeg;https://mnemoenglish.ru/sound/englishdom/liver.mp3
Пупок;Navel;https://mnemoenglish.ru/img/mnemocard/344f11c209f0102e9cf48681df213e5d.jpeg;https://mnemoenglish.ru/sound/englishdom/navel.mp3
Ребра;Ribs;https://mnemoenglish.ru/img/mnemocard/50dc96a98a28d10edd2eba0940daf8fe.jpeg;https://mnemoenglish.ru/sound/englishdom/ribs.mp3
Череп;Skull;https://mnemoenglish.ru/img/mnemocard/7eb9b2b9df33c068b00391c54e5b5d6b.jpeg;https://mnemoenglish.ru/sound/englishdom/skull.mp3
Папа;Dad;https://mnemoenglish.ru/img/mnemocard/102bd5ebc7ff4c897439b24219ca213a.jpeg;https://mnemoenglish.ru/sound/englishdom/dad.mp3
Дочь;Daughter;https://mnemoenglish.ru/img/mnemocard/30de68237d8f6e104fbe803659be1744.jpeg;https://mnemoenglish.ru/sound/englishdom/daughter.mp3
Жена;Wife;https://mnemoenglish.ru/img/mnemocard/138154284a7f24b080203418debd73cd.jpeg;https://mnemoenglish.ru/sound/englishdom/wife.mp3
Общение;Communication;https://mnemoenglish.ru/img/mnemocard/73710f5897c82161207d004f25b0569b.jpeg;https://mnemoenglish.ru/sound/englishdom/communication.mp3
Таять;Melt;https://mnemoenglish.ru/img/mnemocard/9cff0d055521c9964ef53b0fe413a4cc.jpeg;https://mnemoenglish.ru/sound/englishdom/melt.mp3
Дождь со снегом;Sleet;https://mnemoenglish.ru/img/mnemocard/1cb3017db10481d2beb3c4b048937344.jpeg;https://mnemoenglish.ru/sound/englishdom/sleet.mp3
Козел;Goat;https://mnemoenglish.ru/img/mnemocard/0530cddf91c26b8516df6388f07226a4.jpeg;https://mnemoenglish.ru/sound/englishdom/goat.mp3
Гусь;Goose;https://mnemoenglish.ru/img/mnemocard/693554867800eac42c540e1c0ceb3821.jpeg;https://mnemoenglish.ru/sound/englishdom/goose.mp3
Облако;Cloud;https://mnemoenglish.ru/img/mnemocard/7b4654c720484e83c6cde2d55cfd16ff.jpeg;https://mnemoenglish.ru/sound/englishdom/cloud.mp3
Гром;Thunder;https://mnemoenglish.ru/img/mnemocard/88c6637d5142853b2e1b58841bedf3be.jpeg;https://mnemoenglish.ru/sound/englishdom/thunder.mp3
Мудрый;Wise;https://mnemoenglish.ru/img/mnemocard/8fbd3a0a413d7d84ca3386e5d58e261d.jpeg;https://mnemoenglish.ru/sound/englishdom/wise.mp3
Ленивый;Lazy;https://mnemoenglish.ru/img/mnemocard/3aa96c86d9d8f9d338e23bfcad218b49.jpeg;https://mnemoenglish.ru/sound/englishdom/lazy.mp3
Пепел;Ash;https://mnemoenglish.ru/img/mnemocard/63e879af23907a6da6ff858791c85cfc.jpeg;https://mnemoenglish.ru/sound/englishdom/ash.mp3
Бутылка;Bottle;https://mnemoenglish.ru/img/mnemocard/1b0aa5eeb8e6c7a25405ebb8b3eb7630.jpeg;https://mnemoenglish.ru/sound/englishdom/bottle.mp3
Спичка;Match;https://mnemoenglish.ru/img/mnemocard/30580db1917d662552730b06d779627a.jpeg;https://mnemoenglish.ru/sound/englishdom/match.mp3
Трубка;Pipe;https://mnemoenglish.ru/img/mnemocard/52ac589fbe657bcc9f5fcf5419ea32e9.jpeg;https://mnemoenglish.ru/sound/englishdom/pipe.mp3
Медведь;Bear;https://mnemoenglish.ru/img/mnemocard/9cf6601af6af0598faffc127faf157b8.jpeg;https://mnemoenglish.ru/sound/englishdom/bear.mp3
Лиса;Fox;https://mnemoenglish.ru/img/mnemocard/685888fd6f9f223f4e0c1021e32ecab5.jpeg;https://mnemoenglish.ru/sound/englishdom/fox.mp3
Ящерица;Lizard;https://mnemoenglish.ru/img/mnemocard/5e9478f38c9e075c77f3d893cfed7bbb.jpeg;https://mnemoenglish.ru/sound/englishdom/lizard.mp3
Змея;Snake;https://mnemoenglish.ru/img/mnemocard/3e0b270e4da4afcc273ce26111a5cf3d.jpeg;https://mnemoenglish.ru/sound/englishdom/snake.mp3
Паук;Spider;https://mnemoenglish.ru/img/mnemocard/16dbfbec190ac310b1f856647c1b7529.jpeg;https://mnemoenglish.ru/sound/englishdom/spider.mp3
Черепаха;Turtle;https://mnemoenglish.ru/img/mnemocard/70ab137ae902f35b5ee1f38c3e975021.jpeg;https://mnemoenglish.ru/sound/englishdom/turtle.mp3
Орел;Eagle;https://mnemoenglish.ru/img/mnemocard/4af1c39b1d4cb9319f7300526478d60a.jpeg;https://mnemoenglish.ru/sound/englishdom/eagle.mp3
Голубь;Pigeon;https://mnemoenglish.ru/img/mnemocard/729479381c1bbaad196c77f28ceef19e.jpeg;https://mnemoenglish.ru/sound/englishdom/pigeon.mp3
Крыло;Wing;https://mnemoenglish.ru/img/mnemocard/5ba4b584d107edfaaa6ba4846e348f91.jpeg;https://mnemoenglish.ru/sound/englishdom/wing.mp3
Икра ноги;Calf;https://mnemoenglish.ru/img/mnemocard/94574d8aeda3b1a3424e192b6e4f0d20.jpeg;https://mnemoenglish.ru/sound/englishdom/calf.mp3
Веко;Eyelid;https://mnemoenglish.ru/img/mnemocard/7cfb06962ac22852890871c09fcd9541.jpeg;https://mnemoenglish.ru/sound/englishdom/eyelid.mp3
Трясти;Shake;https://mnemoenglish.ru/img/mnemocard/3c3e381c62b2e831605beb827ecfd675.jpeg;https://mnemoenglish.ru/sound/englishdom/shake.mp3
Цветок;Flower;https://mnemoenglish.ru/img/mnemocard/229e9dd6b4b11f1cd74e7c6f4a20e223.jpeg;https://mnemoenglish.ru/sound/englishdom/flower.mp3
Лепесток;Petal;https://mnemoenglish.ru/img/mnemocard/118945886ffd279423b790fec26d41d6.jpeg;https://mnemoenglish.ru/sound/englishdom/petal.mp3
Неудача;Failure;https://mnemoenglish.ru/img/mnemocard/70d1f61582bee8f021723a74506873d0.jpeg;https://mnemoenglish.ru/sound/englishdom/failure.mp3
Амбициозный;High;https://mnemoenglish.ru/img/mnemocard/4c6fb1a017b6b477cb1cda35d401ae3d.jpeg;https://mnemoenglish.ru/sound/englishdom/high-flying.mp3
Кровь;Blood;https://mnemoenglish.ru/img/mnemocard/1131dfbd540d4deb937696704eecd126.jpeg;https://mnemoenglish.ru/sound/englishdom/blood.mp3
Медуза;Jellyfish;https://mnemoenglish.ru/img/mnemocard/989dfc0971fe1e8ab5aac38895ec2f9b.jpeg;https://mnemoenglish.ru/sound/englishdom/jellyfish.mp3
Чешуя;Scales;https://mnemoenglish.ru/img/mnemocard/6908c6507e4b94b46c4d15db944a8161.jpeg;https://mnemoenglish.ru/sound/englishdom/scales.mp3
Акула;Shark;https://mnemoenglish.ru/img/mnemocard/1f838217f97815593d58c3d5d01db952.jpeg;https://mnemoenglish.ru/sound/englishdom/shark.mp3
Морская звезда;Starfish;https://mnemoenglish.ru/img/mnemocard/4e47a66b28b37208eca6a7fd92cf3b96.jpeg;https://mnemoenglish.ru/sound/englishdom/starfish.mp3
Причина;Cause;https://mnemoenglish.ru/img/mnemocard/8551fbbf58fe9d6eb2a0aa374b815ed1.jpeg;https://mnemoenglish.ru/sound/englishdom/cause.mp3
Затмение;Eclipse;https://mnemoenglish.ru/img/mnemocard/67fd37ed6b3168c97a88f03a2267e001.jpeg;https://mnemoenglish.ru/sound/englishdom/eclipse.mp3
Проход;Aisle;https://mnemoenglish.ru/img/mnemocard/804b8010f417a12a138818d71b220e7b.jpeg;https://mnemoenglish.ru/sound/englishdom/aisle.mp3
Багажник;Boot;https://mnemoenglish.ru/img/mnemocard/06c0b57c1fc92f7504d38702020b5e2e.jpeg;https://mnemoenglish.ru/sound/englishdom/boot.mp3
Вишня;Cherry;https://mnemoenglish.ru/img/mnemocard/23cfc1aba22768e5ea13ee3fad9a8e36.jpeg;https://mnemoenglish.ru/sound/englishdom/cherry.mp3
Кокос;Coconut;https://mnemoenglish.ru/img/mnemocard/7aafd6df5cc6362642e9c955fe0650e6.jpeg;https://mnemoenglish.ru/sound/englishdom/coconut.mp3
Виноград;Grape;https://mnemoenglish.ru/img/mnemocard/9e7a1edd86538741167350d433755c6e.jpeg;https://mnemoenglish.ru/sound/englishdom/grape.mp3
Дыня;Melon;https://mnemoenglish.ru/img/mnemocard/9629fb9d98456bd13260a4d2dd06dc3e.jpeg;https://mnemoenglish.ru/sound/englishdom/melon.mp3
Апельсин;Orange;https://mnemoenglish.ru/img/mnemocard/580f7ffed67d51451d3d8a97b52e906a.jpeg;https://mnemoenglish.ru/sound/englishdom/orange.mp3
Персик;Peach;https://mnemoenglish.ru/img/mnemocard/5b6eff744a4e7cac7108f5bbb5f6ef3f.jpeg;https://mnemoenglish.ru/sound/englishdom/peach.mp3
Груша;Pear;https://mnemoenglish.ru/img/mnemocard/2247979bcbf185af11e608614718fb63.jpeg;https://mnemoenglish.ru/sound/englishdom/pear.mp3
Слива;Plum;https://mnemoenglish.ru/img/mnemocard/2142bcf1c4319823bf1f7fbee0dc630e.jpeg;https://mnemoenglish.ru/sound/englishdom/plum.mp3
Клубника;Strawberry;https://mnemoenglish.ru/img/mnemocard/817120dd94edcb07ea61b0aca6b1180e.jpeg;https://mnemoenglish.ru/sound/englishdom/strawberry.mp3
Лодка;Boat;https://mnemoenglish.ru/img/mnemocard/955ecd0fe24cd2e2e47a7184a4e27c41.jpeg;https://mnemoenglish.ru/sound/englishdom/boat.mp3
Побережье;Coast;https://mnemoenglish.ru/img/mnemocard/66c9a09cb257c1350a7ff41962254de0.jpeg;https://mnemoenglish.ru/sound/englishdom/coast.mp3
Глубокий;Deep;https://mnemoenglish.ru/img/mnemocard/7e5e718c4a66c818fbad75d4d5a64aa9.jpeg;https://mnemoenglish.ru/sound/englishdom/deep.mp3
Океан;Ocean;https://mnemoenglish.ru/img/mnemocard/888887bc3357d62a1eea987511f9b469.jpeg;https://mnemoenglish.ru/sound/englishdom/ocean.mp3
Песок;Sand;https://mnemoenglish.ru/img/mnemocard/033574f507f5310243586684929a4c84.jpeg;https://mnemoenglish.ru/sound/englishdom/sand.mp3
Раковина;Shell;https://mnemoenglish.ru/img/mnemocard/85778a037ace892408a41f949fa9c7a9.jpeg;https://mnemoenglish.ru/sound/englishdom/shell.mp3
Масло;Butter;https://mnemoenglish.ru/img/mnemocard/057f811cec768cf4415a6dfcffae9e50.jpeg;https://mnemoenglish.ru/sound/englishdom/butter.mp3
Выпекать;Bake;https://mnemoenglish.ru/img/mnemocard/19a7e3261e6f193a6a1b0708aaf0fb2f.jpeg;https://mnemoenglish.ru/sound/englishdom/bake.mp3
Смешивать;Mix;https://mnemoenglish.ru/img/mnemocard/268f2a7ca1ba630e9dfbbc12c27d0822.jpeg;https://mnemoenglish.ru/sound/englishdom/mix.mp3
Смерч;Twister;https://mnemoenglish.ru/img/mnemocard/996ef1f5adfb492a38e12b1236360358.jpeg;https://mnemoenglish.ru/sound/englishdom/twister.mp3
Капуста;Cabbage;https://mnemoenglish.ru/img/mnemocard/245b8cdae7c9ea204a93c8603c485d46.jpeg;https://mnemoenglish.ru/sound/englishdom/cabbage.mp3
Морковь;Carrot;https://mnemoenglish.ru/img/mnemocard/94429191999fb9b4a2bdeea68114a200.jpeg;https://mnemoenglish.ru/sound/englishdom/carrot.mp3
Огурец;Cucumber;https://mnemoenglish.ru/img/mnemocard/45b3abe7c85db63a9f24a70d7739cfd1.jpeg;https://mnemoenglish.ru/sound/englishdom/cucumber.mp3
Лук;Onion;https://mnemoenglish.ru/img/mnemocard/31510467023e285a97b15cfb481ef956.jpeg;https://mnemoenglish.ru/sound/englishdom/onion.mp3
Картофель;Potato;https://mnemoenglish.ru/img/mnemocard/8aa2bee9f081a479963bdbffc245c679.jpeg;https://mnemoenglish.ru/sound/englishdom/potato.mp3
Редис;Radish;https://mnemoenglish.ru/img/mnemocard/6f84ee2baac9a15bc9cc43a53c88b63d.jpeg;https://mnemoenglish.ru/sound/englishdom/radish.mp3
Помидор;Tomato;https://mnemoenglish.ru/img/mnemocard/09f2256cfec2728d64fe432beb121c81.jpeg;https://mnemoenglish.ru/sound/englishdom/tomato.mp3
Глина;Clay;https://mnemoenglish.ru/img/mnemocard/49f67c7268bbf3a0e0a31da03b3e1993.jpeg;https://mnemoenglish.ru/sound/englishdom/clay.mp3
Плющ;Ivy;https://mnemoenglish.ru/img/mnemocard/6ed73cbe2a354261f302d38c485cd53b.jpeg;https://mnemoenglish.ru/sound/englishdom/ivy.mp3
Дорога;Road;https://mnemoenglish.ru/img/mnemocard/126d8d8e051e5a7d16b609183f11d270.jpeg;https://mnemoenglish.ru/sound/englishdom/road.mp3
Улица;Street;https://mnemoenglish.ru/img/mnemocard/291a56bf55bc88538b8473dfce8fdf55.jpeg;https://mnemoenglish.ru/sound/englishdom/street.mp3
Хлеб;Bread;https://mnemoenglish.ru/img/mnemocard/7944b652185ff7a39b5e983315914cee.jpeg;https://mnemoenglish.ru/sound/englishdom/bread.mp3
Печенье;Cookie;https://mnemoenglish.ru/img/mnemocard/90189ea1724bd58ce2dfcb4e276ca464.jpeg;https://mnemoenglish.ru/sound/englishdom/cookie.mp3
Яйцо;Egg;https://mnemoenglish.ru/img/mnemocard/703810d43c42f814a177f43f1d6ae022.jpeg;https://mnemoenglish.ru/sound/englishdom/egg.mp3
Мед;Honey;https://mnemoenglish.ru/img/mnemocard/13465f30edfa63f6577dc68675ee4ce3.jpeg;https://mnemoenglish.ru/sound/englishdom/honey.mp3
Блин;Pancake;https://mnemoenglish.ru/img/mnemocard/81b3c3622ab9242872d3be98b1eea384.jpeg;https://mnemoenglish.ru/sound/englishdom/pancake.mp3
Рис;Rice;https://mnemoenglish.ru/img/mnemocard/8150b64fda5fb50fd2ded04d4f77baa6.jpeg;https://mnemoenglish.ru/sound/englishdom/rice.mp3
Соль;Salt;https://mnemoenglish.ru/img/mnemocard/10a640d6b7a0520babd040c0d8dfd1b2.jpeg;https://mnemoenglish.ru/sound/englishdom/salt.mp3
Каша;Porridge;https://mnemoenglish.ru/img/mnemocard/455d6b56cf692d686ff92281aace99b4.jpeg;https://mnemoenglish.ru/sound/englishdom/porridge.mp3
Тишина;Silence;https://mnemoenglish.ru/img/mnemocard/7dfc5c2607e68ea71a7ca79214aa0aa3.jpeg;https://mnemoenglish.ru/sound/englishdom/silence.mp3
Автобус;Bus;https://mnemoenglish.ru/img/mnemocard/1a9bf3d7477ea0be8840e8ef34892c20.jpeg;https://mnemoenglish.ru/sound/englishdom/bus.mp3
Сиденье;Seat;https://mnemoenglish.ru/img/mnemocard/68e3eeb2b5ad7efc0b12488a3fb543bf.jpeg;https://mnemoenglish.ru/sound/englishdom/seat.mp3
Тротуар;Sidewalk;https://mnemoenglish.ru/img/mnemocard/6e7aad4d9d10d172caceaf4f14377113.jpeg;https://mnemoenglish.ru/sound/englishdom/sidewalk.mp3
Билет;Ticket;https://mnemoenglish.ru/img/mnemocard/18e85ac16c11d9ea62560ba159549a45.jpeg;https://mnemoenglish.ru/sound/englishdom/ticket.mp3
Поезд;Train;https://mnemoenglish.ru/img/mnemocard/9f1eace84d5bc5142adfd29e9cff20b4.jpeg;https://mnemoenglish.ru/sound/englishdom/train.mp3
Ветчина;Ham;https://mnemoenglish.ru/img/mnemocard/23079a6726f509358e96f691f1c2f543.jpeg;https://mnemoenglish.ru/sound/englishdom/ham.mp3
Мясо;Meat;https://mnemoenglish.ru/img/mnemocard/1f7e96526a751b9b21aab7e2e6565731.jpeg;https://mnemoenglish.ru/sound/englishdom/meat.mp3
Свинина;Pork;https://mnemoenglish.ru/img/mnemocard/1a91d52c01b33115180b65880669e741.jpeg;https://mnemoenglish.ru/sound/englishdom/pork.mp3
Кружка;Cup;https://mnemoenglish.ru/img/mnemocard/586002f8ff9a94c693bce6c8e353b87e.jpeg;https://mnemoenglish.ru/sound/englishdom/cup.mp3
Стакан;Glass;https://mnemoenglish.ru/img/mnemocard/3a5a81e81a60a5a3bb646b5b25a2d574.jpeg;https://mnemoenglish.ru/sound/englishdom/glass.mp3
Сковорода;Pan;https://mnemoenglish.ru/img/mnemocard/122fba38e9ba6401a38548d47a302415.jpeg;https://mnemoenglish.ru/sound/englishdom/pan.mp3
Тарелка;Plate;https://mnemoenglish.ru/img/mnemocard/139fbbf2f04b022c32f7022a00921ff4.jpeg;https://mnemoenglish.ru/sound/englishdom/plate.mp3
Кастрюля;Pot;https://mnemoenglish.ru/img/mnemocard/1adda342a640d54e81a021f6d89a4829.jpeg;https://mnemoenglish.ru/sound/englishdom/pot.mp3
Ложка;Spoon;https://mnemoenglish.ru/img/mnemocard/10e164dd88a62f137845f3058ca3c1e1.jpeg;https://mnemoenglish.ru/sound/englishdom/spoon.mp3
Условие;Condition;https://mnemoenglish.ru/img/mnemocard/591e5f516ae4606281c2adbbe4303ce3.jpeg;https://mnemoenglish.ru/sound/englishdom/condition.mp3
Точка;Point;https://mnemoenglish.ru/img/mnemocard/4868535153d350ae3bd1d2ce982e9435.jpeg;https://mnemoenglish.ru/sound/englishdom/point.mp3
Правило;Rule;https://mnemoenglish.ru/img/mnemocard/3f824765d9d60f5f92a5f708d018dd7f.jpeg;https://mnemoenglish.ru/sound/englishdom/rule.mp3
Цель;Goal;https://mnemoenglish.ru/img/mnemocard/531ab7d6d7a730102a91e7587e1906f9.jpeg;https://mnemoenglish.ru/sound/englishdom/goal.mp3
Частица;Particle;https://mnemoenglish.ru/img/mnemocard/27c7469c86ea089bec3327fa3eda32b1.jpeg;https://mnemoenglish.ru/sound/englishdom/particle.mp3
Шрифт;Font;https://mnemoenglish.ru/img/mnemocard/2350148fb21bf2e7383bd2942523803d.jpeg;https://mnemoenglish.ru/sound/englishdom/font.mp3
Поцелуй;Kiss;https://mnemoenglish.ru/img/mnemocard/54379b6988b15f9f6f3c6034d80e9bbb.jpeg;
Ожог;Burn;https://mnemoenglish.ru/img/mnemocard/5735cdc9f443f87978b06c9ebec87aa2.jpeg;https://mnemoenglish.ru/sound/englishdom/burn.mp3
Пояс;Belt;https://mnemoenglish.ru/img/mnemocard/5ba8c7c67749820ccdb9c7bf67e52f17.jpeg;https://mnemoenglish.ru/sound/englishdom/belt.mp3
Пальто;Coat;https://mnemoenglish.ru/img/mnemocard/8526131f0eba4479f601a7c723e269eb.jpeg;https://mnemoenglish.ru/sound/englishdom/coat.mp3
Шляпа;Hat;https://mnemoenglish.ru/img/mnemocard/5209cc6479dd999dcc6dc7965f445cb7.jpeg;https://mnemoenglish.ru/sound/englishdom/hat.mp3
Шарф;Scarf;https://mnemoenglish.ru/img/mnemocard/50a1aba16ea8cb6f94264b03c4e58422.jpeg;https://mnemoenglish.ru/sound/englishdom/scarf.mp3
Носки;Socks;https://mnemoenglish.ru/img/mnemocard/6841753bc6b8ade3cbfbd0c27e69fbe1.jpeg;https://mnemoenglish.ru/sound/englishdom/socks.mp3
Брюки;Trousers;https://mnemoenglish.ru/img/mnemocard/998c9ee8d98462f7da79b650b7f8b0ad.jpeg;https://mnemoenglish.ru/sound/englishdom/trousers.mp3
Варежки;Mittens;https://mnemoenglish.ru/img/mnemocard/902ec7c2faf6f581c1f0f0852c6e092b.jpeg;https://mnemoenglish.ru/sound/englishdom/mittens.mp3
Обложка;Cover;https://mnemoenglish.ru/img/mnemocard/8f143c39758486cd6206c43f592fdd62.jpeg;https://mnemoenglish.ru/sound/englishdom/cover.mp3
Миска;Bowl;https://mnemoenglish.ru/img/mnemocard/43695777076e7cd5c952aced54ba0348.jpeg;https://mnemoenglish.ru/sound/englishdom/bowl.mp3
Кружка;Mug;https://mnemoenglish.ru/img/mnemocard/8fa2c25e6a1f4e933ac3b19dfffe1148.jpeg;https://mnemoenglish.ru/sound/englishdom/mug.mp3
Полка;Shelf;https://mnemoenglish.ru/img/mnemocard/164f95888d0364c22f2cb96dce846142.jpeg;https://mnemoenglish.ru/sound/englishdom/shelf.mp3
Ванна;Bath;https://mnemoenglish.ru/img/mnemocard/114e859bbf5cbe349c27d52faff244ef.jpeg;https://mnemoenglish.ru/sound/englishdom/bath.mp3
Этаж;Floor;https://mnemoenglish.ru/img/mnemocard/617743aee2a565f7cd365909d379787d.jpeg;https://mnemoenglish.ru/sound/englishdom/floor.mp3
Замок;Lock;https://mnemoenglish.ru/img/mnemocard/224d891f874b2e18eb4071f58f42af36.jpeg;https://mnemoenglish.ru/sound/englishdom/lock.mp3
Одеяло;Blanket;https://mnemoenglish.ru/img/mnemocard/24d2b7fb55d8a4f6279025d832973812.jpeg;https://mnemoenglish.ru/sound/englishdom/blanket.mp3
Часы;Clock;https://mnemoenglish.ru/img/mnemocard/60c78a63361b5ac2ffe649559621ce6a.jpeg;https://mnemoenglish.ru/sound/englishdom/clock.mp3
Подушка;Pillow;https://mnemoenglish.ru/img/mnemocard/07bbd9041c2372ca0111e4e622e88be2.jpeg;https://mnemoenglish.ru/sound/englishdom/pillow.mp3
Спать;Sleep;https://mnemoenglish.ru/img/mnemocard/0230a9d781494701d11c16307dc3f2f9.jpeg;https://mnemoenglish.ru/sound/englishdom/sleep.mp3
Ножницы;Scissors;https://mnemoenglish.ru/img/mnemocard/210c84a9e4c7e088355c6a14a635228e.jpeg;https://mnemoenglish.ru/sound/englishdom/scissors.mp3
Мыло;Soap;https://mnemoenglish.ru/img/mnemocard/7b6417317bfbb19537835cda4070d26b.jpeg;https://mnemoenglish.ru/sound/englishdom/soap.mp3
Губка;Sponge;https://mnemoenglish.ru/img/mnemocard/2fff0cd0ec1c6357dc280fea1648611e.jpeg;https://mnemoenglish.ru/sound/englishdom/sponge.mp3
Ковер;Carpet;https://mnemoenglish.ru/img/mnemocard/9bad89fc8f37bbe7c5a8b37a165f768c.jpeg;https://mnemoenglish.ru/sound/englishdom/carpet.mp3
Замок;Castle;https://mnemoenglish.ru/img/mnemocard/92fb2d8543a7b0f0b1d4740569a39de5.jpeg;https://mnemoenglish.ru/sound/englishdom/castle.mp3
Ключ;Key;https://mnemoenglish.ru/img/mnemocard/3f22c266b257e9ca71d2e9bf2cd20eaa.jpeg;https://mnemoenglish.ru/sound/englishdom/key.mp3
Шахматы;Chess;https://mnemoenglish.ru/img/mnemocard/531f41dbeb9eee38d44b4957aabfd209.jpeg;https://mnemoenglish.ru/sound/englishdom/chess.mp3
Удар;Kick;https://mnemoenglish.ru/img/mnemocard/7fb9b1d8c311c4bc7e7f761ed3e3737d.jpeg;https://mnemoenglish.ru/sound/englishdom/kick.mp3
Кувшин;Jug;https://mnemoenglish.ru/img/mnemocard/31d14ed94ea809722b2306067b164979.jpeg;https://mnemoenglish.ru/sound/englishdom/jug.mp3
Половник;Ladle;https://mnemoenglish.ru/img/mnemocard/169c84438b60eca9b188a7e684114173.jpeg;https://mnemoenglish.ru/sound/englishdom/ladle.mp3
Сумка;Bag;https://mnemoenglish.ru/img/mnemocard/657afcb0e0dd6971af3d5bd84cd4a727.jpeg;https://mnemoenglish.ru/sound/englishdom/bag.mp3
Мел;Chalk;https://mnemoenglish.ru/img/mnemocard/539bec565bcf7abd77d07386a41715da.jpeg;https://mnemoenglish.ru/sound/englishdom/chalk.mp3
Клей;Glue;https://mnemoenglish.ru/img/mnemocard/7e67815ecc372dd92c481a5304fb7738.jpeg;https://mnemoenglish.ru/sound/englishdom/glue.mp3
Карандаш;Pencil;https://mnemoenglish.ru/img/mnemocard/9dbe3b8a359e1cded6175fbb466f6938.jpeg;https://mnemoenglish.ru/sound/englishdom/pencil.mp3
Выровнять;Align;https://mnemoenglish.ru/img/mnemocard/2436f784ed6f27571ccca06b861f1a33.jpeg;https://mnemoenglish.ru/sound/englishdom/align.mp3
Кадр;Frame;https://mnemoenglish.ru/img/mnemocard/7467390eca4db2990f0551e0cb86c6ad.jpeg;https://mnemoenglish.ru/sound/englishdom/frame.mp3
Форма;Shape;https://mnemoenglish.ru/img/mnemocard/2f464a2e9e39902f46c6671bbaf7684b.jpeg;https://mnemoenglish.ru/sound/englishdom/shape.mp3
Привязка;Snap;https://mnemoenglish.ru/img/mnemocard/1d3b1be44532ca509cd657ddda7f87db.jpeg;https://mnemoenglish.ru/sound/englishdom/snap.mp3
Покупатель;Customer;https://mnemoenglish.ru/img/mnemocard/6e18b74306a289c0f83700b687c46ed2.jpeg;https://mnemoenglish.ru/sound/englishdom/customer.mp3
Ведро;Bucket;https://mnemoenglish.ru/img/mnemocard/761f59fb7bc8097acf4d7eb0217cd0b2.jpeg;https://mnemoenglish.ru/sound/englishdom/bucket.mp3
Гвоздь;Nail;https://mnemoenglish.ru/img/mnemocard/8d697ba6f9656d0f7ac9cd636ab89311.jpeg;https://mnemoenglish.ru/sound/englishdom/nail.mp3
Камень;Stone;https://mnemoenglish.ru/img/mnemocard/3f78b4c06ebfa75f254afbc34602bb72.jpeg;https://mnemoenglish.ru/sound/englishdom/stone.mp3
Печь;Oven;https://mnemoenglish.ru/img/mnemocard/84957d2543e26937088db93ef70c0ef7.jpeg;https://mnemoenglish.ru/sound/englishdom/oven.mp3
Оскорбление;Obloquy;https://mnemoenglish.ru/img/mnemocard/71e067d1d51d3be25d7ca329bdd107af.jpeg;https://mnemoenglish.ru/sound/englishdom/obloquy.mp3
Швабра;Mop;https://mnemoenglish.ru/img/mnemocard/4a8e47d26ae667b292ea00f1308f08e8.jpeg;https://mnemoenglish.ru/sound/englishdom/mop.mp3
Наносить на карту;Chart;https://mnemoenglish.ru/img/mnemocard/181c41ef43e35382fcb0c13853c62042.jpeg;https://mnemoenglish.ru/sound/englishdom/chart.mp3
Пустыня;Desert;https://mnemoenglish.ru/img/mnemocard/82ab71892d2a1691379d71d1852b74e7.jpeg;https://mnemoenglish.ru/sound/englishdom/desert.mp3
Мир;Peace;https://mnemoenglish.ru/img/mnemocard/538d2faca912146de5aa8ad0745552a4.jpeg;https://mnemoenglish.ru/sound/englishdom/peace.mp3
Кукуруза;Corn;https://mnemoenglish.ru/img/mnemocard/3a2411ab9fb03f1fd15cf7ed7aa436d8.jpeg;https://mnemoenglish.ru/sound/englishdom/corn.mp3
Чеснок;Garlic;https://mnemoenglish.ru/img/mnemocard/7b2cf5b1ef14afded1caf327a557d7ab.jpeg;https://mnemoenglish.ru/sound/englishdom/garlic.mp3
Петрушка;Parsley;https://mnemoenglish.ru/img/mnemocard/070514a2e16b034882dbd0f7e0101c98.jpeg;https://mnemoenglish.ru/sound/englishdom/parsley.mp3
Судья;Judge;https://mnemoenglish.ru/img/mnemocard/5d955891f5fb6ced48878062ea7a547d.jpeg;https://mnemoenglish.ru/sound/englishdom/judge.mp3
Газированная вода;Soda;https://mnemoenglish.ru/img/mnemocard/5170f4927a960f790a5ab17e62df12b6.jpeg;https://mnemoenglish.ru/sound/englishdom/soda.mp3
Позволить себе,предоставлять;Afford;https://mnemoenglish.ru/img/mnemocard/85924c7ffc62a7df0a6319d828c744ee.jpeg;https://mnemoenglish.ru/sound/englishdom/afford.mp3
Двигатель;Engine;https://mnemoenglish.ru/img/mnemocard/800f47a12b0f7a837affdef59d549f75.jpeg;https://mnemoenglish.ru/sound/englishdom/engine.mp3
Куст;Bush;https://mnemoenglish.ru/img/mnemocard/7adf4a9728c050fb105b568e3a0c5b4c.jpeg;https://mnemoenglish.ru/sound/englishdom/bush.mp3
Трава;Grass;https://mnemoenglish.ru/img/mnemocard/8ad739733903e35f1e652e3f0d444439.jpeg;https://mnemoenglish.ru/sound/englishdom/grass.mp3
Лист;Leaf;https://mnemoenglish.ru/img/mnemocard/4232a32919c61ceb84648cb872e65b26.jpeg;https://mnemoenglish.ru/sound/englishdom/leaf.mp3
Орех;Nut;https://mnemoenglish.ru/img/mnemocard/01ecbbc4f8302657d1e17671936e018d.jpeg;https://mnemoenglish.ru/sound/englishdom/nut.mp3
Корень;Root;https://mnemoenglish.ru/img/mnemocard/4e5d310473ad1cd3511ebc51e1bc3109.jpeg;https://mnemoenglish.ru/sound/englishdom/root.mp3
Семечко;Seed;https://mnemoenglish.ru/img/mnemocard/8738af696a9c61f90210a8d0de24ec68.jpeg;https://mnemoenglish.ru/sound/englishdom/seed.mp3
Почва;Soil;https://mnemoenglish.ru/img/mnemocard/6d4d1d840844a4ad0dd1cd055b8fe9ef.jpeg;https://mnemoenglish.ru/sound/englishdom/soil.mp3
Делиться;Share;https://mnemoenglish.ru/img/mnemocard/5cf574573913d909c67e92d59b6a9c49.jpeg;https://mnemoenglish.ru/sound/englishdom/share.mp3
Чайник;Kettle;https://mnemoenglish.ru/img/mnemocard/1f92d29e6ba247dca1f33f79d71adcad.jpeg;https://mnemoenglish.ru/sound/englishdom/kettle.mp3
Щипцы;Tongs;https://mnemoenglish.ru/img/mnemocard/5e5a7d9ec24d4898105d3090d649299a.jpeg;https://mnemoenglish.ru/sound/englishdom/tongs.mp3
Молоток;Hammer;https://mnemoenglish.ru/img/mnemocard/11e57ff4f2a234ef5b9932a2637e5354.jpeg;https://mnemoenglish.ru/sound/englishdom/hammer.mp3
Сталь;Steel;https://mnemoenglish.ru/img/mnemocard/06701b1b5b2ff4b040b27bc847bbdef6.jpeg;https://mnemoenglish.ru/sound/englishdom/steel.mp3
Согласный звук;Consonant;https://mnemoenglish.ru/img/mnemocard/5bcffcd833de91bf40775f6b48c1caf2.jpeg;https://mnemoenglish.ru/sound/englishdom/consonant.mp3
Слог;Syllable;https://mnemoenglish.ru/img/mnemocard/7c088fbcd585ab091ab376604fb45d24.jpeg;https://mnemoenglish.ru/sound/englishdom/syllable.mp3
Вера;Belief;https://mnemoenglish.ru/img/mnemocard/576418fdbdb938938fd3036e6dd1e392.jpeg;https://mnemoenglish.ru/sound/englishdom/belief.mp3
Долг;Debt;https://mnemoenglish.ru/img/mnemocard/82945438962669cc0a2fe7a66fd6accb.jpeg;https://mnemoenglish.ru/sound/englishdom/debt.mp3
Сюжет;Plot;https://mnemoenglish.ru/img/mnemocard/8f42944df61f7b529ab6dd64dc83c24f.jpeg;https://mnemoenglish.ru/sound/englishdom/plot.mp3
Звезда;Star;https://mnemoenglish.ru/img/mnemocard/490cdd8dbf7250c3e3a3008c50da6549.jpeg;https://mnemoenglish.ru/sound/englishdom/star.mp3
Складывать,добавлять;Add;https://mnemoenglish.ru/img/mnemocard/14613ade91ac44607e88e79b8d575a3d.jpeg;https://mnemoenglish.ru/sound/englishdom/add.mp3
Угол;Angle;https://mnemoenglish.ru/img/mnemocard/3ad388bea467092a333c0f7350d6b070.jpeg;https://mnemoenglish.ru/sound/englishdom/angle.mp3
Предложение цены;Bid;https://mnemoenglish.ru/img/mnemocard/7c1640dc5ac9926ff4cff27ed6790d6e.jpeg;https://mnemoenglish.ru/sound/englishdom/bid.mp3
Свеча;Candle;https://mnemoenglish.ru/img/mnemocard/1bfc348bcee5338191b32e6088cd6ba1.jpeg;https://mnemoenglish.ru/sound/englishdom/candle.mp3
Подушка;Cushion;https://mnemoenglish.ru/img/mnemocard/42f96e7ab2c8e010a558e452b1f5c72d.jpeg;https://mnemoenglish.ru/sound/englishdom/cushion.mp3
Пыль;Dust;https://mnemoenglish.ru/img/mnemocard/79567931184a5d38f8eaec33c31912a8.jpeg;https://mnemoenglish.ru/sound/englishdom/dust.mp3
Лампа;Light;https://mnemoenglish.ru/img/mnemocard/66394569c365e6dd3285a7b332468bb0.jpeg;https://mnemoenglish.ru/sound/englishdom/light.mp3
Розетка;Socket;https://mnemoenglish.ru/img/mnemocard/9518aaea89055aa33549f2724b8e82c8.jpeg;https://mnemoenglish.ru/sound/englishdom/socket.mp3
Переключатель;Switch;https://mnemoenglish.ru/img/mnemocard/9ea7fb4921b161bdad81a24ac7ba5fcd.jpeg;https://mnemoenglish.ru/sound/englishdom/switch.mp3
Сцена;Scene;https://mnemoenglish.ru/img/mnemocard/569ac86427ab35077efc344e59d9c686.jpeg;https://mnemoenglish.ru/sound/manualy/scene.mp3
Муравей;Ant;https://mnemoenglish.ru/img/mnemocard/429662517a4d0d029a7c50973ad23c7e.jpeg;https://mnemoenglish.ru/sound/englishdom/ant.mp3
Гусеница;Caterpillar;https://mnemoenglish.ru/img/mnemocard/4a46cd341899ccb6aaf45d095aca93bf.jpeg;https://mnemoenglish.ru/sound/englishdom/caterpillar.mp3
Стрекоза;Dragonfly;https://mnemoenglish.ru/img/mnemocard/631a906d9515f2c3cadb5e6e95a944f0.jpeg;https://mnemoenglish.ru/sound/englishdom/dragonfly.mp3
Пруд;Pond;https://mnemoenglish.ru/img/mnemocard/1127b5065ec28c349ee81391ad46fe62.jpeg;https://mnemoenglish.ru/sound/englishdom/pond.mp3
Контракт;Contract;https://mnemoenglish.ru/img/mnemocard/3469656e67a00e14ce56baef3fead826.jpeg;https://mnemoenglish.ru/sound/englishdom/contract.mp3
Треска;Cod;https://mnemoenglish.ru/img/mnemocard/78186c7a15a15d13dfd7f810989cd949.jpeg;https://mnemoenglish.ru/sound/englishdom/cod.mp3
Мидия;Mussel;https://mnemoenglish.ru/img/mnemocard/7ed3f285ff0c01550b3ad0a2cbc4e268.jpeg;https://mnemoenglish.ru/sound/englishdom/mussel.mp3
Кусковой;Lump;https://mnemoenglish.ru/img/mnemocard/28fc2cc68f19f61531c69109a7c6ed20.jpeg;https://mnemoenglish.ru/sound/englishdom/lump.mp3
кекс;Muffin;https://mnemoenglish.ru/img/mnemocard/3cb939a76beac9b239e94ede941f7377.jpeg;https://mnemoenglish.ru/sound/englishdom/muffin.mp3
Макаронные изделия;Pasta;https://mnemoenglish.ru/img/mnemocard/109a96676d08d8d8890f1a7e42820787.jpeg;https://mnemoenglish.ru/sound/englishdom/pasta.mp3
Сгнивший;Rotten;https://mnemoenglish.ru/img/mnemocard/530cf181cdef59a25dae258f1d21f313.jpeg;https://mnemoenglish.ru/sound/englishdom/rotten.mp3
Клетка;Cell;https://mnemoenglish.ru/img/mnemocard/3bd5d9b4d04676e48caaea369ba94d33.jpeg;https://mnemoenglish.ru/sound/englishdom/cell.mp3
Страсть,пламя,предмет любви;Flame;https://mnemoenglish.ru/img/mnemocard/29cd2f405a6fbc6711f0264813b0dfd3.jpeg;https://mnemoenglish.ru/sound/englishdom/flame.mp3
Мех;Fur;https://mnemoenglish.ru/img/mnemocard/6b9c8a8f32e536749b5b4ce4b36f1621.jpeg;https://mnemoenglish.ru/sound/englishdom/fur.mp3
Кожа;Leather;https://mnemoenglish.ru/img/mnemocard/4cd9a2e177ee3a76e6cbb33dd5c741da.jpeg;https://mnemoenglish.ru/sound/englishdom/leather.mp3
Шелк;Silk;https://mnemoenglish.ru/img/mnemocard/34431ace1896a8af40daeace3f8b05e3.jpeg;https://mnemoenglish.ru/sound/englishdom/silk.mp3
Барабан;Drum;https://mnemoenglish.ru/img/mnemocard/53dc4d441996b9d1357198c3c22ddbc0.jpeg;https://mnemoenglish.ru/sound/englishdom/drum.mp3
Аист;Stork;https://mnemoenglish.ru/img/mnemocard/14475a84701baf640828bbbae34354dd.jpeg;https://mnemoenglish.ru/sound/englishdom/stork.mp3
Кости игральные;Dice;https://mnemoenglish.ru/img/mnemocard/84f1a8d8f6f75d2b40ce5b6d43fd8ab5.jpeg;https://mnemoenglish.ru/sound/englishdom/dice.mp3
Чернила;Ink;https://mnemoenglish.ru/img/mnemocard/26f2594f0ea1f4bed5c7b8b61830cdf8.jpeg;https://mnemoenglish.ru/sound/englishdom/ink.mp3
Жидкость;Liquid;https://mnemoenglish.ru/img/mnemocard/17809ad24204689a9108b2dbd96b3bc6.jpeg;https://mnemoenglish.ru/sound/englishdom/liquid.mp3
Монета;Coin;https://mnemoenglish.ru/img/mnemocard/6e20b42e1f6cfaae36e03b59ee3b866d.jpeg;https://mnemoenglish.ru/sound/englishdom/coin.mp3
Бритва;Razor;https://mnemoenglish.ru/img/mnemocard/80b3c50f3b83dc1b82120ede2a524523.jpeg;https://mnemoenglish.ru/sound/englishdom/razor.mp3
Уморительный;Hilarious;https://mnemoenglish.ru/img/mnemocard/78ff18a18f63b6e341e76d56411a1d73.jpeg;https://mnemoenglish.ru/sound/englishdom/hilarious.mp3
Шутка;Joke;https://mnemoenglish.ru/img/mnemocard/41cc63825b7c927dcec9bc318847a406.jpeg;https://mnemoenglish.ru/sound/englishdom/joke.mp3
Смех;Laugh;https://mnemoenglish.ru/img/mnemocard/40bfa875cb70e26806baae98a02f49c1.jpeg;https://mnemoenglish.ru/sound/englishdom/laugh.mp3
Список избирателей;Poll;https://mnemoenglish.ru/img/mnemocard/81ad98ed75ed2bc0a1935878041be9fa.jpeg;https://mnemoenglish.ru/sound/englishdom/poll.mp3
Обвинять;Accuse;https://mnemoenglish.ru/img/mnemocard/8a50aaf6e8306b38cb64fca376e376d9.jpeg;https://mnemoenglish.ru/sound/englishdom/accuse.mp3
Корзина;Basket;https://mnemoenglish.ru/img/mnemocard/03f62ba0079a889e1a9226aa98bbd62e.jpeg;https://mnemoenglish.ru/sound/englishdom/basket.mp3
Желать;Wish;https://mnemoenglish.ru/img/mnemocard/0172e929137b41b9cb5f90b6d873863d.jpeg;https://mnemoenglish.ru/sound/englishdom/wish.mp3
Кисть;Brush;https://mnemoenglish.ru/img/mnemocard/4256efdc032468c6cb8a6915e8551c0c.jpeg;https://mnemoenglish.ru/sound/englishdom/brush.mp3
Вспышка;Flash;https://mnemoenglish.ru/img/mnemocard/3b020a01575ba0e05098d73cb93721bf.jpeg;https://mnemoenglish.ru/sound/englishdom/flash.mp3
Линза;Lens;https://mnemoenglish.ru/img/mnemocard/7d470f2db1f51399b4b61be54b108721.jpeg;https://mnemoenglish.ru/sound/englishdom/lens.mp3
Цепочка;Chain;https://mnemoenglish.ru/img/mnemocard/930377f9d60580a6f0da2c16547c4d87.jpeg;https://mnemoenglish.ru/sound/englishdom/chain.mp3
Очки;Glasses;https://mnemoenglish.ru/img/mnemocard/96d8d75239613a46a3a34e0ce17ece2e.jpeg;https://mnemoenglish.ru/sound/englishdom/glasses.mp3
Брошка;Pin;https://mnemoenglish.ru/img/mnemocard/84e8baa3210717a2e1461991be8adad7.jpeg;https://mnemoenglish.ru/sound/englishdom/pin.mp3
Кольцо;Ring;https://mnemoenglish.ru/img/mnemocard/78d20d78d64a7f94d41a55cac167e91a.jpeg;https://mnemoenglish.ru/sound/englishdom/ring.mp3
Бумажник;Wallet;https://mnemoenglish.ru/img/mnemocard/927e56c0c616caeeff6e4b73830b078f.jpeg;https://mnemoenglish.ru/sound/englishdom/wallet.mp3
Оттенок;Shade;https://mnemoenglish.ru/img/mnemocard/6f40af4a10e9c71612f22303a217de57.jpeg;https://mnemoenglish.ru/sound/englishdom/shade.mp3
Воск;Wax;https://mnemoenglish.ru/img/mnemocard/4d8497d1618d60abb174bb53bc0c6f40.jpeg;https://mnemoenglish.ru/sound/englishdom/wax.mp3
Мусор;Garbage;https://mnemoenglish.ru/img/mnemocard/34b0adbb02357b11e4d3ced1a413485b.jpeg;https://mnemoenglish.ru/sound/englishdom/garbage.mp3
Вязание;Knitting;https://mnemoenglish.ru/img/mnemocard/5d709337eea1b0e01d49646d7af5e125.jpeg;https://mnemoenglish.ru/sound/englishdom/knitting.mp3
Деление;Division;https://mnemoenglish.ru/img/mnemocard/28226112b59e62d63fccb683b690dbb6.jpeg;https://mnemoenglish.ru/sound/englishdom/division.mp3
Лесоматериалы;Timber;https://mnemoenglish.ru/img/mnemocard/7cd0cda858f2d7c55e960cae2a7c7b15.jpeg;https://mnemoenglish.ru/sound/englishdom/timber.mp3
Коврик;Rug;https://mnemoenglish.ru/img/mnemocard/8ff8f2a0edb5d996a1008f4e2e542ed0.jpeg;https://mnemoenglish.ru/sound/englishdom/rug.mp3
Скинуть карты;Drop;https://mnemoenglish.ru/img/mnemocard/64ad4afddb4a135b732fcf9ffa816082.jpeg;https://mnemoenglish.ru/sound/englishdom/drop.mp3
Парус;Sail;https://mnemoenglish.ru/img/mnemocard/289b81c53e69173572e0f6c1373e3b18.jpeg;https://mnemoenglish.ru/sound/englishdom/sail.mp3
Победитель;Winner;https://mnemoenglish.ru/img/mnemocard/1fe332bf04f00545585e78abdfb85a56.jpeg;https://mnemoenglish.ru/sound/englishdom/winner.mp3
Движение;Motion;https://mnemoenglish.ru/img/mnemocard/837b85fc2c227811c3e98b27d28e22c4.jpeg;https://mnemoenglish.ru/sound/englishdom/motion.mp3
Лента;Ribbon;https://mnemoenglish.ru/img/mnemocard/1cc8cdaf279b5a3a7ffc524118e0fd26.jpeg;https://mnemoenglish.ru/sound/englishdom/ribbon.mp3
Маховое движение;Swing;https://mnemoenglish.ru/img/mnemocard/9e9d80bd230ca4e107b3febe05ece0e5.jpeg;https://mnemoenglish.ru/sound/englishdom/swing.mp3
Барьер;Gate;https://mnemoenglish.ru/img/mnemocard/7d64dcd5551333ba28d369490fd38376.jpeg;https://mnemoenglish.ru/sound/englishdom/gate.mp3
Лыжа;Ski;https://mnemoenglish.ru/img/mnemocard/32fd951bbb4807bd6629b00448580e80.jpeg;https://mnemoenglish.ru/sound/englishdom/ski.mp3
Центр дома (в кёрлинге), пуговица;Button;https://mnemoenglish.ru/img/mnemocard/094e2074b21fcd9d226ef20af182d0aa.jpeg;https://mnemoenglish.ru/sound/englishdom/button.mp3
Корка;Peel;https://mnemoenglish.ru/img/mnemocard/7cc533bd37b1cf9ae1ba580b59051c48.jpeg;
Кажется;Seem to be;https://mnemoenglish.ru/img/mnemocard/3b0defa06397d221d52050359e5b26b1.jpeg;https://mnemoenglish.ru/sound/englishdom/seem to be.mp3
Причинять страдания;Tear;https://mnemoenglish.ru/img/mnemocard/4f52cad40ccad52f6d962828fa9fe612.jpeg;https://mnemoenglish.ru/sound/englishdom/tear.mp3
Священный;Sacred;https://mnemoenglish.ru/img/mnemocard/3afa5c12938e2d7fc65f3157ad4a27ed.jpeg;https://mnemoenglish.ru/sound/englishdom/sacred.mp3
Меч;Sword;https://mnemoenglish.ru/img/mnemocard/86ae9ef4488689be3f5b2409414cf342.jpeg;https://mnemoenglish.ru/sound/englishdom/sword.mp3
Ладонь,пальма;Palm;https://mnemoenglish.ru/img/mnemocard/773fca93884fa504bb3b5929c1fbc3ef.jpeg;https://mnemoenglish.ru/sound/manualy/palm.mp3
Проливающий слёзы;Weeping;https://mnemoenglish.ru/img/mnemocard/974a5c3128204451a755efd8e320ea84.jpeg;https://mnemoenglish.ru/sound/englishdom/weeping.mp3
Маятник;Pendulum;https://mnemoenglish.ru/img/mnemocard/3cc088003f2a2a2cf73b1e4f70c70138.jpeg;https://mnemoenglish.ru/sound/englishdom/pendulum.mp3
Сомнение;Doubt;https://mnemoenglish.ru/img/mnemocard/744a0fd8a7cd43fe0da3d516355df605.jpeg;https://mnemoenglish.ru/sound/englishdom/doubt.mp3
Безумный;Mad;https://mnemoenglish.ru/img/mnemocard/7d1f8349d5035cdde6e8f3e7a58ac045.jpeg;https://mnemoenglish.ru/sound/englishdom/mad.mp3
Молить;Beg;https://mnemoenglish.ru/img/mnemocard/39757fe4e39faad916ac554ab7abda1e.jpeg;https://mnemoenglish.ru/sound/englishdom/beg.mp3
Вина;Blame;https://mnemoenglish.ru/img/mnemocard/51db92c28e87725519bc900cd6a832fa.jpeg;https://mnemoenglish.ru/sound/englishdom/blame.mp3
Удача;Luck;https://mnemoenglish.ru/img/mnemocard/83dd6b747536fd5384734e0538016b7d.jpeg;https://mnemoenglish.ru/sound/englishdom/luck.mp3
Мнение;Opinion;https://mnemoenglish.ru/img/mnemocard/562065b15cfabd78466197b939103be2.jpeg;https://mnemoenglish.ru/sound/englishdom/opinion.mp3
Сладкий;Sweet;https://mnemoenglish.ru/img/mnemocard/12440ec98377a52546b38d68a0d07ee2.jpeg;https://mnemoenglish.ru/sound/englishdom/sweet.mp3
Корона;Crown;https://mnemoenglish.ru/img/mnemocard/1a59c9d674bd5ba8025b4b2f0d88ece4.jpeg;https://mnemoenglish.ru/sound/englishdom/crown.mp3
Лопата;Shovel;https://mnemoenglish.ru/img/mnemocard/66dabde36c1943733560077afa621401.jpeg;
Разум;Mind;https://mnemoenglish.ru/img/mnemocard/6e3ccb09277ae3623cfff5503a943a20.jpeg;https://mnemoenglish.ru/sound/englishdom/mind.mp3
Педант;Stickler;https://mnemoenglish.ru/img/mnemocard/1430d97f96d17ffceb491fd9fb91e4b7.jpeg;https://mnemoenglish.ru/sound/englishdom/stickler.mp3
Поманить;Beckon;https://mnemoenglish.ru/img/mnemocard/9733896493552080f2a44138a0e480ee.jpeg;https://mnemoenglish.ru/sound/englishdom/beckon.mp3
Жертвовать;Sacrifice;https://mnemoenglish.ru/img/mnemocard/57604579792d854dd11fdd9bcad48bc3.jpeg;https://mnemoenglish.ru/sound/englishdom/sacrifice.mp3
Визжать;Shriek;https://mnemoenglish.ru/img/mnemocard/382b48419536e8b603d9ea858e48f0cc.jpeg;https://mnemoenglish.ru/sound/manualy/shriek.ogg
Хвост;Tail;https://mnemoenglish.ru/img/mnemocard/22269701fee7810cf4dffbf905113080.jpeg;https://mnemoenglish.ru/sound/manualy/tail.ogg
Раздуваться;Bloat;https://mnemoenglish.ru/img/mnemocard/28645797aff248d58dad7aabacfb9feb.jpeg;
Клык;Canine;https://mnemoenglish.ru/img/mnemocard/8e3d2366b110490200f6475301b5c3f9.jpeg;https://mnemoenglish.ru/sound/manualy/canine.ogg
Дуть;Blow;https://mnemoenglish.ru/img/mnemocard/213cdd994355f24b0db2a4a2a8416d26.jpeg;https://mnemoenglish.ru/sound/manualy/blow.ogg
Гардероб;Checkroom;https://mnemoenglish.ru/img/mnemocard/5767c425dd00fa11df0f05325afdaf00.jpeg;https://mnemoenglish.ru/sound/manualy/checkroom.ogg
Грудь,грудная клетка;Chest;https://mnemoenglish.ru/img/mnemocard/297a231e70a227e81a7a86f5dedc8485.jpeg;https://mnemoenglish.ru/sound/manualy/chest.ogg
Уголь;Coal;https://mnemoenglish.ru/img/mnemocard/44a336d5de7852aeff82ca9867be73d6.jpeg;https://mnemoenglish.ru/sound/manualy/coal.ogg
Воротник;Collar;https://mnemoenglish.ru/img/mnemocard/332ccc183ad63e516b7a6a19d499791f.jpeg;https://mnemoenglish.ru/sound/manualy/collar.ogg
Сравнение;Comparison;https://mnemoenglish.ru/img/mnemocard/60660209c2f5ea0e488e36f0ab314825.jpeg;https://mnemoenglish.ru/sound/manualy/comparison.ogg
Крик;Cry;https://mnemoenglish.ru/img/mnemocard/5279f3520d5f659ffe77d21f0175e0ab.jpeg;https://mnemoenglish.ru/sound/manualy/cry.ogg
Виновник;Culprit;https://mnemoenglish.ru/img/mnemocard/9a41a57e6a590fca88e0ea20bc48034c.jpeg;https://mnemoenglish.ru/sound/manualy/culprit.ogg
Страх;Fear;https://mnemoenglish.ru/img/mnemocard/97abc508c3bcf054eb525f2fff419fbf.jpeg;https://mnemoenglish.ru/sound/manualy/fear.ogg
Забор;Fence;https://mnemoenglish.ru/img/mnemocard/5a8702535f4fd3d2ac6e1d876abdab96.jpeg;https://mnemoenglish.ru/sound/manualy/fence.ogg
Перчатка;Glove;https://mnemoenglish.ru/img/mnemocard/1caf8f9f730222f227e6d00e6ea64f40.jpeg;https://mnemoenglish.ru/sound/manualy/glove.ogg
Пистолет;Gun;https://mnemoenglish.ru/img/mnemocard/9ca31d88629c6f3a0cc322a0381ec7c2.jpeg;https://mnemoenglish.ru/sound/manualy/gun.ogg
Слух;Hearing;https://mnemoenglish.ru/img/mnemocard/33683ac9ae3e27c8dbddc8cfd20759e6.jpeg;https://mnemoenglish.ru/sound/manualy/hearing.ogg
Жара;Heat;https://mnemoenglish.ru/img/mnemocard/225d11711a60a31fba3fab3739309e70.jpeg;https://mnemoenglish.ru/sound/manualy/heat.ogg
Дыра;Hole;https://mnemoenglish.ru/img/mnemocard/68751b90e6d17966b7f1838ad889447c.jpeg;https://mnemoenglish.ru/sound/manualy/hole.ogg
Соединять;Join;https://mnemoenglish.ru/img/mnemocard/6901273401218a47fca00c0829ea0177.jpeg;https://mnemoenglish.ru/sound/manualy/join.ogg
Прыжок;Jump;https://mnemoenglish.ru/img/mnemocard/4d2d8755fe4c481ed7506d53cb38663c.jpeg;https://mnemoenglish.ru/sound/manualy/jump.ogg
Узел;Knot;https://mnemoenglish.ru/img/mnemocard/6ab0cd3026d316b2ac48bcd77acf5bc0.jpeg;https://mnemoenglish.ru/sound/manualy/knot.ogg
Ресницы;Lashes;https://mnemoenglish.ru/img/mnemocard/66bb12dbfebecea34409f943702b3f51.jpeg;
Последний;Last;https://mnemoenglish.ru/img/mnemocard/1c793125d014b642c1234c717caded0a.jpeg;https://mnemoenglish.ru/sound/manualy/last.ogg
Запах;Odor;https://mnemoenglish.ru/img/mnemocard/6dff4719062947642e5fdf1a72f51bad.jpeg;
Насос;Pump;https://mnemoenglish.ru/img/mnemocard/75a50dcf1e2113a233a2f02ebc243934.jpeg;https://mnemoenglish.ru/sound/manualy/pump.ogg
Гонка;Race;https://mnemoenglish.ru/img/mnemocard/7a2b62e1f12728bae954434bd4a8764b.jpeg;https://mnemoenglish.ru/sound/manualy/race.ogg
Родственники;Relatives;https://mnemoenglish.ru/img/mnemocard/33b2a74857ccb4e618bbc4ec5199142b.jpeg;
Стержень, прут;Rod;https://mnemoenglish.ru/img/mnemocard/47c22d8a45caa5862d7bed55eadd4acb.jpeg;https://mnemoenglish.ru/sound/manualy/rod.ogg
Тереть, натирать;Rub;https://mnemoenglish.ru/img/mnemocard/2197ef0c47fc39e758243911c4464d1f.jpeg;https://mnemoenglish.ru/sound/manualy/rub.ogg
Шкала;Scale;https://mnemoenglish.ru/img/mnemocard/22ddb471b37b58e98265cf79a19d3d3d.jpeg;https://mnemoenglish.ru/sound/manualy/scale.ogg
Лом (металлолом);Scrap;https://mnemoenglish.ru/img/mnemocard/7b590a3065e2f026cfe39b48078382b0.jpeg;https://mnemoenglish.ru/sound/manualy/scrap.ogg
Винт, шуруп;Screw;https://mnemoenglish.ru/img/mnemocard/27380ae75e90db348461f0d1bdb67a10.jpeg;https://mnemoenglish.ru/sound/manualy/screw.ogg
Отвёртка;Screwdriver;https://mnemoenglish.ru/img/mnemocard/4af438a88bc34b44d5325ef2c053da5c.jpeg;https://mnemoenglish.ru/sound/manualy/screwdriver.ogg
Стыд, позор;Shame;https://mnemoenglish.ru/img/mnemocard/4e3abb6cb0eb0494a8cbfa4a37e98998.jpeg;https://mnemoenglish.ru/sound/manualy/shame.ogg
Скользить;Slip;https://mnemoenglish.ru/img/mnemocard/2cd5b4933a81fbba07dc7a2b13555e85.jpeg;https://mnemoenglish.ru/sound/manualy/slip.ogg
Дух;Spirit;https://mnemoenglish.ru/img/mnemocard/32ed62dfb0fad23de8de3f15f0b41857.jpeg;https://mnemoenglish.ru/sound/manualy/spirit.ogg
Пятно;Spot;https://mnemoenglish.ru/img/mnemocard/9b0d9079924f069c1712f24a1933e179.jpeg;https://mnemoenglish.ru/sound/manualy/spot.ogg
Закат солнца;Sunset;https://mnemoenglish.ru/img/mnemocard/66a5a88a5391580bb765609932a0cf0d.jpeg;https://mnemoenglish.ru/sound/manualy/sunset.ogg
Мести;Sweep;https://mnemoenglish.ru/img/mnemocard/2951ab68bf42af369242923f9a34c703.jpeg;https://mnemoenglish.ru/sound/manualy/sweep.ogg
Трудиться;Toil;https://mnemoenglish.ru/img/mnemocard/25f50363b7366cea245cefdd89771d92.jpeg;https://mnemoenglish.ru/sound/manualy/toil.ogg
Знак, признак;Token;https://mnemoenglish.ru/img/mnemocard/2eea7377999b6682d31b0000684e9726.jpeg;https://mnemoenglish.ru/sound/manualy/token.ogg
Поворот, оборот;Turn;https://mnemoenglish.ru/img/mnemocard/8923c225c2542e2709c2d521848ea4b3.jpeg;https://mnemoenglish.ru/sound/manualy/turn.ogg
Не в состоянии;Unable;https://mnemoenglish.ru/img/mnemocard/7a30658bda80d526f0805583bd457094.jpeg;https://mnemoenglish.ru/sound/manualy/unable.ogg
Голос;Voice;https://mnemoenglish.ru/img/mnemocard/7a7301f3e498397f633eff2bcdd16977.jpeg;https://mnemoenglish.ru/sound/manualy/voice.ogg
Погода;Weather;https://mnemoenglish.ru/img/mnemocard/6f7f895b1e53ef9d6387d4759cac3212.jpeg;https://mnemoenglish.ru/sound/manualy/weather.ogg
Весь, целый;Whole;https://mnemoenglish.ru/img/mnemocard/1a77a1d19211cf6a33f0e7c43857ca77.jpeg;https://mnemoenglish.ru/sound/manualy/whole.ogg
Нет на месте;Absent;https://mnemoenglish.ru/img/mnemocard/4fcf1aa1aef23c8a8bc283a577a2452e.jpeg;https://mnemoenglish.ru/sound/manualy/absent.ogg
Аплодисменты;Applause;https://mnemoenglish.ru/img/mnemocard/27c0839b60f98dae572abcc5e3d6a1a7.jpeg;https://mnemoenglish.ru/sound/manualy/applause.ogg
Румяна;Blusher;https://mnemoenglish.ru/img/mnemocard/2fb3bb68ba7a3cea15dc685138ea1c85.jpeg;https://mnemoenglish.ru/sound/manualy/blusher.ogg
Коробка;Box;https://mnemoenglish.ru/img/mnemocard/8fcb24b35980272411bf0b8dee311cb8.jpeg;https://mnemoenglish.ru/sound/manualy/box.ogg
Койка;Bunk;https://mnemoenglish.ru/img/mnemocard/228fa17393e211a3b14f28d8144c6836.jpeg;https://mnemoenglish.ru/sound/manualy/bunk.ogg
Деньги;Cash;https://mnemoenglish.ru/img/mnemocard/636db609d43bd25c6e9642c34f9bbf7d.jpeg;https://mnemoenglish.ru/sound/manualy/cash.ogg
Аплодисменты, хлопающий;Clapping;https://mnemoenglish.ru/img/mnemocard/5bbebaf3c3646a3262c4aedf033be33b.jpeg;
Набирать номер, диск;Dial;https://mnemoenglish.ru/img/mnemocard/14df88107b0cc5c20b12da485308241a.jpeg;https://mnemoenglish.ru/sound/manualy/dial.ogg
Смещать, перемещать;Displace;https://mnemoenglish.ru/img/mnemocard/41a84b4ac6cee9adde597572c6c99d55.jpeg;https://mnemoenglish.ru/sound/manualy/displace.ogg
Чувствовать;Feel;https://mnemoenglish.ru/img/mnemocard/99bd24e53eb3464e5a5bbd298ec83e72.jpeg;https://mnemoenglish.ru/sound/manualy/feel.ogg
Поплавок, плавать;Float;https://mnemoenglish.ru/img/mnemocard/8cfd69f1196dd3dc101cb49819cfacaf.jpeg;https://mnemoenglish.ru/sound/manualy/float.ogg
Гостинная;Lounge;https://mnemoenglish.ru/img/mnemocard/38062ff080c7787d54c3d18c9e75eaf9.jpeg;https://mnemoenglish.ru/sound/manualy/lounge.ogg
Шум;Noise;https://mnemoenglish.ru/img/mnemocard/2e50c8ab68bc4585518fdba09ffd79a9.jpeg;https://mnemoenglish.ru/sound/manualy/noise.ogg
Пароль;Password;https://mnemoenglish.ru/img/mnemocard/5bcb93c3ce1ab1057c88447a4dacbde2.jpeg;https://mnemoenglish.ru/sound/manualy/password.ogg
Марионетка;Puppet;https://mnemoenglish.ru/img/mnemocard/8566b87da73e6308042c5b303f62ed9c.jpeg;https://mnemoenglish.ru/sound/manualy/puppet.ogg
Сдвиг;Shift;https://mnemoenglish.ru/img/mnemocard/83f1cdda4b772cb3e151fa8320abaf07.jpeg;https://mnemoenglish.ru/sound/manualy/shift.ogg
Кегли;Skittles;https://mnemoenglish.ru/img/mnemocard/044c44a7bde080c22bbc64bf811f00eb.jpeg;
Рукав;Sleeve;https://mnemoenglish.ru/img/mnemocard/4e93db3de25b2fbc6d191a1057f7577e.jpeg;https://mnemoenglish.ru/sound/manualy/sleeve.ogg
Водопроводный кран;Tap;https://mnemoenglish.ru/img/mnemocard/64f8564b8714a8898fab5548d0d8eac7.jpeg;https://mnemoenglish.ru/sound/manualy/tap.ogg
Планшет;The tablet;https://mnemoenglish.ru/img/mnemocard/31de59e94a00bbb3fc35b2943c1ca31a.jpeg;
Пропадать;Vanish;https://mnemoenglish.ru/img/mnemocard/3965c351a1501de659da0a4640e57780.jpeg;https://mnemoenglish.ru/sound/manualy/vanish.ogg
Деформироваться;Warp;https://mnemoenglish.ru/img/mnemocard/7a37ca9859e588c921e57ad2f9b11b51.jpeg;https://mnemoenglish.ru/sound/manualy/warp.ogg
Странный;Odd;https://mnemoenglish.ru/img/mnemocard/779f89f1ece8380d19d8c711b42779f3.jpeg;https://mnemoenglish.ru/sound/manualy/odd.ogg
Санки;Sleigh;https://mnemoenglish.ru/img/mnemocard/46786778ac27a904765909353cebba87.jpeg;https://mnemoenglish.ru/sound/manualy/sleigh.ogg
Режим;Mode;https://mnemoenglish.ru/img/mnemocard/03354c299fb799ed653439bab71b081e.jpeg;https://mnemoenglish.ru/sound/manualy/mode.ogg
Шотландский;Scotch;https://mnemoenglish.ru/img/mnemocard/6302dcfcbc3dcea4b42a105b770c966a.jpeg;https://mnemoenglish.ru/sound/manualy/scotch.ogg
Коготь;Talon;https://mnemoenglish.ru/img/mnemocard/1c50cc4ba5942cd8af2d6b554eecdb1c.jpeg;https://mnemoenglish.ru/sound/manualy/talon.ogg
Стрела;Arrow;https://mnemoenglish.ru/img/mnemocard/7db1ccd4bf67c28fd5b0d110743b2d3a.jpeg;
Прикосновение;Touch;https://mnemoenglish.ru/img/mnemocard/7f6a62fa14c95793339a13904ab3012d.jpeg;
Бак,резервуар;Tank;https://mnemoenglish.ru/img/mnemocard/3e14cf4262251fb055bce21b36025241.jpeg;
Изюм;Raisin;https://mnemoenglish.ru/img/mnemocard/1bd07ccd68bfde5afb33ba73ff4bb164.jpeg;
Бюстгальтер;Bra;https://mnemoenglish.ru/img/mnemocard/3e668a0af48cdf342ec1e271d642e16f.jpeg;
Сено;Hay;https://mnemoenglish.ru/img/mnemocard/97185678ab8927997b23d22606f0f257.jpeg;
Привидение;Ghost;https://mnemoenglish.ru/img/mnemocard/25232410e3c7718f8b623338c3220bac.jpeg;
Говорить;Speak;https://mnemoenglish.ru/img/mnemocard/8ef89148bfb4580d085ff0732b68d180.jpeg;
Вращение;Rotate;https://mnemoenglish.ru/img/mnemocard/82568ce9aebfe750309bdbaba1093c52.jpeg;https://mnemoenglish.ru/sound/manualy/rotate.ogg
Яд;Venom;https://mnemoenglish.ru/img/mnemocard/279acf55545e5f9052f973bb8e40e202.jpeg;https://mnemoenglish.ru/sound/manualy/venom.ogg
Холод,простуда;Chill;https://mnemoenglish.ru/img/mnemocard/5d8cec4533be8c7a11dd78f04fec216a.jpeg;https://mnemoenglish.ru/sound/manualy/chill.ogg
Карман;Pocket;https://mnemoenglish.ru/img/mnemocard/322387c56bcc5a741f235dd94ceb942f.jpeg;https://mnemoenglish.ru/sound/manualy/pocket.ogg
Ворона;Crow;https://mnemoenglish.ru/img/mnemocard/64d3e49121b7bc92fc39229afe710210.jpeg;https://mnemoenglish.ru/sound/manualy/crow.ogg
Свекла;Beet;https://mnemoenglish.ru/img/mnemocard/918bf2422710f5e0384c5fe7a3774f8d.jpeg;https://mnemoenglish.ru/sound/manualy/beet.ogg
Горький;Bitter;https://mnemoenglish.ru/img/mnemocard/8ad46b7919d2b02c1875f6d875e9168a.jpeg;https://mnemoenglish.ru/sound/manualy/bitter.ogg
Мука;Flour;https://mnemoenglish.ru/img/mnemocard/6119f7318859b00b8ce6d0b6260af4a6.jpeg;https://mnemoenglish.ru/sound/manualy/flour.ogg
Сильный;Strong;https://mnemoenglish.ru/img/mnemocard/96f10192fea3dad116d9dad0fbee5c21.jpeg;https://mnemoenglish.ru/sound/manualy/strong.ogg
Довольный;Amused;https://mnemoenglish.ru/img/mnemocard/9d31fa9b33515951753685c30d54510a.jpeg;https://mnemoenglish.ru/sound/manualy/amused.ogg
Гласный звук;Vowel;https://mnemoenglish.ru/img/mnemocard/3cfa37225435fbd9f1c318af623925c4.jpeg;https://mnemoenglish.ru/sound/manualy/vowel.ogg
Коготь;Claw;https://mnemoenglish.ru/img/mnemocard/77745a6f199489628624a6e0f6bb14d4.jpeg;https://mnemoenglish.ru/sound/manualy/claw.ogg
Колонна,столб;Pillar;https://mnemoenglish.ru/img/mnemocard/44d2325bbb9b2bdf8cd7be2f5a4cc21d.jpeg;https://mnemoenglish.ru/sound/manualy/pillar.ogg
Заслуживать;Deserve;https://mnemoenglish.ru/img/mnemocard/601bae030fae9da8b51d7a3f1cbaef68.jpeg;https://mnemoenglish.ru/sound/manualy/deserve.ogg
Гриб;Mushroom;https://mnemoenglish.ru/img/mnemocard/86352a6d6c2e647cadce9d975e72eb3b.jpeg;https://mnemoenglish.ru/sound/manualy/mushroom.ogg
Нарушение;Violation;https://mnemoenglish.ru/img/mnemocard/31a64bba813244eb821a1a93012775ea.jpeg;https://mnemoenglish.ru/sound/manualy/violation.ogg
Ничего;Nothing;https://mnemoenglish.ru/img/mnemocard/4ba2354776101abb18a1b9ba356e7630.jpeg;https://mnemoenglish.ru/sound/manualy/nothing.ogg
Половина;Half;https://mnemoenglish.ru/img/mnemocard/1d143dc08b1c1d021029b9f2cdd564f1.jpeg;https://mnemoenglish.ru/sound/manualy/half.ogg
Мачта;Mast;https://mnemoenglish.ru/img/mnemocard/97a173670c5bc50f5e47ded59dfd5ef1.jpeg;https://mnemoenglish.ru/sound/manualy/mast.ogg
Сверкание;Glitter;https://mnemoenglish.ru/img/mnemocard/4931847016f419ffbd3c62042caecd3e.jpeg;https://mnemoenglish.ru/sound/manualy/glitter.ogg
Жёлтый;Yellow;https://mnemoenglish.ru/img/mnemocard/55456f6a581e3fa3738147873ba0c181.jpeg;https://mnemoenglish.ru/sound/manualy/yellow.ogg
Соединять,подключения;Connect;https://mnemoenglish.ru/img/mnemocard/113efd9cf21a8acb2e17f76ac6a54d5d.jpeg;https://mnemoenglish.ru/sound/manualy/connect.ogg
Заплата;Patch;https://mnemoenglish.ru/img/mnemocard/5f40d49b1f2e71b85da337959787d545.jpeg;https://mnemoenglish.ru/sound/manualy/patch.ogg
Штепсель;Plug;https://mnemoenglish.ru/img/mnemocard/36f463df8e2b3d26612baf4e09fb68bc.jpeg;https://mnemoenglish.ru/sound/manualy/plug.ogg
Петля;Loop;https://mnemoenglish.ru/img/mnemocard/1cdb11b0d33fab280055f93e5a596ec7.jpeg;https://mnemoenglish.ru/sound/manualy/loop.ogg
Комплект,набор;Kit;https://mnemoenglish.ru/img/mnemocard/8ad4eb34246f15c1b09ab3e1d4616aa8.jpeg;
Трезвость;Sobriety;https://mnemoenglish.ru/img/mnemocard/14b4d1717bec4b823350b06dfdbcafc8.jpeg;https://mnemoenglish.ru/sound/manualy/sobriety.ogg
Бочка;Cask;https://mnemoenglish.ru/img/mnemocard/5cbf7274e7fc69ef4f75ac292a3ce684.jpeg;https://mnemoenglish.ru/sound/manualy/cask.ogg
Правда;Truth;https://mnemoenglish.ru/img/mnemocard/711c7ab96917b4246bcb90d9ce8b4ed2.jpeg;https://mnemoenglish.ru/sound/manualy/truth.ogg
Суровый;Severe;https://mnemoenglish.ru/img/mnemocard/31fb6c471e47d4d25a856804d76db648.jpeg;https://mnemoenglish.ru/sound/manualy/severe.ogg
Слуга;Servant;https://mnemoenglish.ru/img/mnemocard/8e87c74f8f9e6b4ecd025da520e5f2ee.jpeg;https://mnemoenglish.ru/sound/manualy/servant.ogg
Почта;Mail;https://mnemoenglish.ru/img/mnemocard/7e7ebb65999ae06e4d8d79ff3b30cfde.jpeg;https://mnemoenglish.ru/sound/manualy/mail.ogg
Отметка;Mark;https://mnemoenglish.ru/img/mnemocard/55474e67bdb8d67f83a058dddf65a4ea.jpeg;https://mnemoenglish.ru/sound/manualy/mark.ogg
Трещина;Crack;https://mnemoenglish.ru/img/mnemocard/34f369360013d5bc4a4c959a8b52c7e8.jpeg;https://mnemoenglish.ru/sound/manualy/crack.ogg
Пузырь;Bubble;https://mnemoenglish.ru/img/mnemocard/1c930be8601acc402aec3527a8ef3a28.jpeg;https://mnemoenglish.ru/sound/manualy/bubble.ogg
Был;Was;https://mnemoenglish.ru/img/mnemocard/9f3b60ce7dd753654946fb97cc9eb77b.jpeg;https://mnemoenglish.ru/sound/manualy/was.ogg
Булочка;Bun;https://mnemoenglish.ru/img/mnemocard/79bfc0cc3bf1a817e919acbc62bd08b4.jpeg;https://mnemoenglish.ru/sound/manualy/bun.ogg
Разгромить;Smash;https://mnemoenglish.ru/img/mnemocard/5b7896d8f9a615986bb1908dab97494a.jpeg;https://mnemoenglish.ru/sound/manualy/smash.ogg
Катушка;Coil;https://mnemoenglish.ru/img/mnemocard/5b190297aaf02d97c12b7db62c4a247c.jpeg;https://mnemoenglish.ru/sound/manualy/coil.ogg
Потеря;Loss;https://mnemoenglish.ru/img/mnemocard/76faaee5fcc2d3f559bc54d7f94942be.jpeg;https://mnemoenglish.ru/sound/manualy/loss.ogg
Заваривать;Brew;https://mnemoenglish.ru/img/mnemocard/48f9ea2621ccfb544160772f4afe15ab.jpeg;https://mnemoenglish.ru/sound/manualy/brew.ogg
Чёрный;Black;https://mnemoenglish.ru/img/mnemocard/24aa489a9a3e7df36c5b63a090207254.jpeg;https://mnemoenglish.ru/sound/manualy/black.ogg
Консервант;Preservative;https://mnemoenglish.ru/img/mnemocard/152649c73a86f6c84cb62977522b7db6.jpeg;https://mnemoenglish.ru/sound/manualy/preservative.ogg
